#SampleID	BarcodeSequence	LinkerPrimerSequence	Description
stool.ASD.1.1	CGGTCAATTGAC	CCGGACTACHVGGGTWTCTAAT	stool.ASD.1.1
stool.ASD.3.1A	GGTGACTAGTTC	CCGGACTACHVGGGTWTCTAAT	stool.ASD.3.1A
stool.ASD.3.1B	TCTCTACCACTC	CCGGACTACHVGGGTWTCTAAT	stool.ASD.3.1B
stool.ASD.4.1	TGCAGTCCTCGA	CCGGACTACHVGGGTWTCTAAT	stool.ASD.4.1
stool.ASD.6.1	TCCCTTGTCTCC	CCGGACTACHVGGGTWTCTAAT	stool.ASD.6.1
stool.ASD.6.2	CGTAAGATGCCT	CCGGACTACHVGGGTWTCTAAT	stool.ASD.6.2
stool.ASD.7.1	GGCCAGTTCCTA	CCGGACTACHVGGGTWTCTAAT	stool.ASD.7.1
stool.ASD.7.2	GTGGAGTCTCAT	CCGGACTACHVGGGTWTCTAAT	stool.ASD.7.2
stool.ASD.7.3	ATTCTGCCGAAG	CCGGACTACHVGGGTWTCTAAT	stool.ASD.7.3
stool.ASD.7.4	ATGTCACCGCTG	CCGGACTACHVGGGTWTCTAAT	stool.ASD.7.4
stool.ASD.8.1	ATGGGTTCCGTC	CCGGACTACHVGGGTWTCTAAT	stool.ASD.8.1
stool.ASD.12.1	TGTCGCAAATAG	CCGGACTACHVGGGTWTCTAAT	stool.ASD.12.1
stool.ASD.12.2	AGCGGAGGTTAG	CCGGACTACHVGGGTWTCTAAT	stool.ASD.12.2
stool.control.13S.1A	GTCGTGTAGCCT	CCGGACTACHVGGGTWTCTAAT	stool.control.13S.1A
stool.control.13S.1B	GTGGTGGTTTCC	CCGGACTACHVGGGTWTCTAAT	stool.control.13S.1B
stool.control.13S.2	CCAATACGCCTG	CCGGACTACHVGGGTWTCTAAT	stool.control.13S.2
stool.ASD.14.1	GCATATGCACTG	CCGGACTACHVGGGTWTCTAAT	stool.ASD.14.1
stool.ASD.14.2	TGCATACACTGG	CCGGACTACHVGGGTWTCTAAT	stool.ASD.14.2
stool.ASD.14.3	CAAATTCGGGAT	CCGGACTACHVGGGTWTCTAAT	stool.ASD.14.3
stool.control.15S.1	TAATACGGATCG	CCGGACTACHVGGGTWTCTAAT	stool.control.15S.1
stool.control.15S.2	GAGCCATCTGTA	CCGGACTACHVGGGTWTCTAAT	stool.control.15S.2
stool.control.15S.3	CTCACAACCGTG	CCGGACTACHVGGGTWTCTAAT	stool.control.15S.3
stool.control.18S.1	AGGCTTACGTGT	CCGGACTACHVGGGTWTCTAAT	stool.control.18S.1
stool.ASD.19.1	GCTCGAAGATTC	CCGGACTACHVGGGTWTCTAAT	stool.ASD.19.1
stool.ASD.22.1	GCGTTCTAGCTG	CCGGACTACHVGGGTWTCTAAT	stool.ASD.22.1
stool.ASD.22.2	GCGATATATCGC	CCGGACTACHVGGGTWTCTAAT	stool.ASD.22.2
stool.ASD.22.3	ACGAGACTGATT	CCGGACTACHVGGGTWTCTAAT	stool.ASD.22.3
stool.ASD.24.1	AACTAGTTCAGG	CCGGACTACHVGGGTWTCTAAT	stool.ASD.24.1
stool.ASD.24.2	ATGATGAGCCTC	CCGGACTACHVGGGTWTCTAAT	stool.ASD.24.2
stool.ASD.25.2	ACCAGTGACTCA	CCGGACTACHVGGGTWTCTAAT	stool.ASD.25.2
stool.control.26S.1	TAGGCATGCTTG	CCGGACTACHVGGGTWTCTAAT	stool.control.26S.1
stool.ASD.27.1	GTTGTTCTGGGA	CCGGACTACHVGGGTWTCTAAT	stool.ASD.27.1
stool.ASD.27.2	ATCGCACAGTAA	CCGGACTACHVGGGTWTCTAAT	stool.ASD.27.2
stool.control.28S.2	GTAGATCGTGTA	CCGGACTACHVGGGTWTCTAAT	stool.control.28S.2
stool.control.29C.1	CGAGGGAAAGTC	CCGGACTACHVGGGTWTCTAAT	stool.control.29C.1
stool.control.30C.1	GTGTTGTCGTGC	CCGGACTACHVGGGTWTCTAAT	stool.control.30C.1
stool.control.30C.2	ACTTCCAACTTC	CCGGACTACHVGGGTWTCTAAT	stool.control.30C.2
stool.control.30C.3	CATTATGGCGTG	CCGGACTACHVGGGTWTCTAAT	stool.control.30C.3
stool.control.31C.1	AAGGCGCTCCTT	CCGGACTACHVGGGTWTCTAAT	stool.control.31C.1
stool.control.31C.2	GAACACTTTGGA	CCGGACTACHVGGGTWTCTAAT	stool.control.31C.2
stool.control.32C.1	AGATTGACCAAC	CCGGACTACHVGGGTWTCTAAT	stool.control.32C.1
stool.control.32C.2.run1	AGTCGAACGAGG	CCGGACTACHVGGGTWTCTAAT	stool.control.32C.2.run1
stool.control.32C.3	TTGGGTACACGT	CCGGACTACHVGGGTWTCTAAT	stool.control.32C.3
stool.control.34C.1	GTCGACAGAGGA	CCGGACTACHVGGGTWTCTAAT	stool.control.34C.1
stool.control.35C.1A	CTCACCTAGGAA	CCGGACTACHVGGGTWTCTAAT	stool.control.35C.1A
stool.control.35C.1B	AGTTACGAGCTA	CCGGACTACHVGGGTWTCTAAT	stool.control.35C.1B
stool.control.36C.1	AGTCGTGCACAT	CCGGACTACHVGGGTWTCTAAT	stool.control.36C.1
stool.control.37C.1	ACCATAGCTCCG	CCGGACTACHVGGGTWTCTAAT	stool.control.37C.1
stool.control.38C.2A	AGCATGTCCCGT	CCGGACTACHVGGGTWTCTAAT	stool.control.38C.2A
stool.control.38C.2B	GAATACCAAGTC	CCGGACTACHVGGGTWTCTAAT	stool.control.38C.2B
stool.control.39C.1	GTATCTGCGCGT	CCGGACTACHVGGGTWTCTAAT	stool.control.39C.1
stool.control.39C.2	CACTACGCTAGA	CCGGACTACHVGGGTWTCTAAT	stool.control.39C.2
stool.control.40C.1	TCGACATCTCTT	CCGGACTACHVGGGTWTCTAAT	stool.control.40C.1
stool.control.40C.2	GATCTGCGATCC	CCGGACTACHVGGGTWTCTAAT	stool.control.40C.2
Daewook.1	CCACAGATCGAT	CCGGACTACHVGGGTWTCTAAT	Daewook.1
Daewook.2	TAGTATGCGCAA	CCGGACTACHVGGGTWTCTAAT	Daewook.2
Daewook.3	AGCAGAACATCT	CCGGACTACHVGGGTWTCTAAT	Daewook.3
Daewook.4	TACAGCGCATAC	CCGGACTACHVGGGTWTCTAAT	Daewook.4
Daewook.5	CAGCTCATCAGC	CCGGACTACHVGGGTWTCTAAT	Daewook.5
Daewook.6	CAACTCCCGTGA	CCGGACTACHVGGGTWTCTAAT	Daewook.6
Daewook.7	TCGGAATTAGAC	CCGGACTACHVGGGTWTCTAAT	Daewook.7
Daewook.8	TATACCGCTGCG	CCGGACTACHVGGGTWTCTAAT	Daewook.8
Daewook.9	TATCGACACAAG	CCGGACTACHVGGGTWTCTAAT	Daewook.9
Daewook.10	TGCGCTGAATGT	CCGGACTACHVGGGTWTCTAAT	Daewook.10
Daewook.11	TGGAGTAGGTGG	CCGGACTACHVGGGTWTCTAAT	Daewook.11
Daewook.12	ACCGGTATGTAC	CCGGACTACHVGGGTWTCTAAT	Daewook.12
Daewook.13	CAAACAACAGCT	CCGGACTACHVGGGTWTCTAAT	Daewook.13
Daewook.14	TTGCGTTAGCAG	CCGGACTACHVGGGTWTCTAAT	Daewook.14
Daewook.15	TGTGAATTCGGA	CCGGACTACHVGGGTWTCTAAT	Daewook.15
Daewook.16	AGTTGAGGCATT	CCGGACTACHVGGGTWTCTAAT	Daewook.16
Daewook.17	GATTCCGGCTCA	CCGGACTACHVGGGTWTCTAAT	Daewook.17
Daewook.18	ATGGCTGTCAGT	CCGGACTACHVGGGTWTCTAAT	Daewook.18
Daewook.19	TTGGCTCTATTC	CCGGACTACHVGGGTWTCTAAT	Daewook.19
Daewook.20	AATTGTGTCGGA	CCGGACTACHVGGGTWTCTAAT	Daewook.20
Daewook.21	GCAACACCATCC	CCGGACTACHVGGGTWTCTAAT	Daewook.21
Daewook.22	TACGAGCCCTAA	CCGGACTACHVGGGTWTCTAAT	Daewook.22
Daewook.23	CATTCGTGGCGT	CCGGACTACHVGGGTWTCTAAT	Daewook.23
Daewook.24	ACAATAGACACC	CCGGACTACHVGGGTWTCTAAT	Daewook.24
Daewook.25	CGTAATTGCCGC	CCGGACTACHVGGGTWTCTAAT	Daewook.25
Daewook.26	GTTCTCTTCTCG	CCGGACTACHVGGGTWTCTAAT	Daewook.26
Daewook.27	TACCGCTTCTTC	CCGGACTACHVGGGTWTCTAAT	Daewook.27
Daewook.28	GCACACCTGATA	CCGGACTACHVGGGTWTCTAAT	Daewook.28
Daewook.29	AGTAGCGGAAGA	CCGGACTACHVGGGTWTCTAAT	Daewook.29
Daewook.30	TCCTCGAGCGAT	CCGGACTACHVGGGTWTCTAAT	Daewook.30
Daewook.31	TTAGAGCCATGC	CCGGACTACHVGGGTWTCTAAT	Daewook.31
Daewook.32	TCGTGCGTGTTG	CCGGACTACHVGGGTWTCTAAT	Daewook.32
Daewook.33	TTAAGACAGTCG	CCGGACTACHVGGGTWTCTAAT	Daewook.33
Daewook.34	GTGCAACCAATC	CCGGACTACHVGGGTWTCTAAT	Daewook.34
Daewook.35	TGTGCGATAACA	CCGGACTACHVGGGTWTCTAAT	Daewook.35
Daewook.36	GCGACAATTACA	CCGGACTACHVGGGTWTCTAAT	Daewook.36
Daewook.37	GCAATTAGGTAC	CCGGACTACHVGGGTWTCTAAT	Daewook.37
Daewook.38	ACCCAAGCGTTA	CCGGACTACHVGGGTWTCTAAT	Daewook.38
Daewook.39	TGAACCCTATGG	CCGGACTACHVGGGTWTCTAAT	Daewook.39
Daewook.40	GTTATCGCATGG	CCGGACTACHVGGGTWTCTAAT	Daewook.40
Daewook.41	TCTGCACTGAGC	CCGGACTACHVGGGTWTCTAAT	Daewook.41
Daewook.42	GCTTGAGCTTGA	CCGGACTACHVGGGTWTCTAAT	Daewook.42
Daewook.43	GATTATCGACGA	CCGGACTACHVGGGTWTCTAAT	Daewook.43
Daewook.44	TCATGCTCCATT	CCGGACTACHVGGGTWTCTAAT	Daewook.44
Daewook.45	CATACCGTGAGT	CCGGACTACHVGGGTWTCTAAT	Daewook.45
Daewook.46	TGCAGCAAGATT	CCGGACTACHVGGGTWTCTAAT	Daewook.46
Daewook.47	AGAGTCTTGCCA	CCGGACTACHVGGGTWTCTAAT	Daewook.47
Daewook.48	GATCACGAGAGG	CCGGACTACHVGGGTWTCTAAT	Daewook.48
Daewook.49	CGCAGATTAGTA	CCGGACTACHVGGGTWTCTAAT	Daewook.49
Daewook.50	CGCTGTGGATTA	CCGGACTACHVGGGTWTCTAAT	Daewook.50
Daewook.51	GCCTAGCCCAAT	CCGGACTACHVGGGTWTCTAAT	Daewook.51
Daewook.52	AGCTGTCAAGCT	CCGGACTACHVGGGTWTCTAAT	Daewook.52
Daewook.53	ATGTGTGTAGAC	CCGGACTACHVGGGTWTCTAAT	Daewook.53
Daewook.54	AGCAACATTGCA	CCGGACTACHVGGGTWTCTAAT	Daewook.54
Daewook.55	ACAACACTCCGA	CCGGACTACHVGGGTWTCTAAT	Daewook.55
Daewook.56	GTAAATTCAGGC	CCGGACTACHVGGGTWTCTAAT	Daewook.56
Daewook.57	TGGGTCCCACAT	CCGGACTACHVGGGTWTCTAAT	Daewook.57
Daewook.58	GATGTATGTGGT	CCGGACTACHVGGGTWTCTAAT	Daewook.58
Daewook.59	GAGAGCAACAGA	CCGGACTACHVGGGTWTCTAAT	Daewook.59
Daewook.60	CCTGCGAAGTAT	CCGGACTACHVGGGTWTCTAAT	Daewook.60
Daewook.61	GATGTGGTGTTA	CCGGACTACHVGGGTWTCTAAT	Daewook.61
Daewook.62	CGATGCTGTTGA	CCGGACTACHVGGGTWTCTAAT	Daewook.62
Daewook.63	AGTGTTTCGGAC	CCGGACTACHVGGGTWTCTAAT	Daewook.63
Daewook.64	CACTGGTGCATA	CCGGACTACHVGGGTWTCTAAT	Daewook.64
Daewook.65	ACGATTCGAGTC	CCGGACTACHVGGGTWTCTAAT	Daewook.65
Daewook.66	ACTCCTTGTGTT	CCGGACTACHVGGGTWTCTAAT	Daewook.66
Daewook.67	TACTCGGGAACT	CCGGACTACHVGGGTWTCTAAT	Daewook.67
Daewook.68	TTCTCTCGACAT	CCGGACTACHVGGGTWTCTAAT	Daewook.68
Daewook.69	CAGAAATGTGTC	CCGGACTACHVGGGTWTCTAAT	Daewook.69
Daewook.70	ACGACTGCATAA	CCGGACTACHVGGGTWTCTAAT	Daewook.70
Daewook.71	ACACGCGGTTTA	CCGGACTACHVGGGTWTCTAAT	Daewook.71
Daewook.72	AACGTAGGCTCT	CCGGACTACHVGGGTWTCTAAT	Daewook.72
Daewook.73	GGTTCGGTCCAT	CCGGACTACHVGGGTWTCTAAT	Daewook.73
Daewook.74	GTCACGGACATT	CCGGACTACHVGGGTWTCTAAT	Daewook.74
Daewook.75	CGTGCTTAGGCT	CCGGACTACHVGGGTWTCTAAT	Daewook.75
Daewook.76	GCTCTCCGTAGA	CCGGACTACHVGGGTWTCTAAT	Daewook.76
Daewook.77	GTAGAGGTAGAG	CCGGACTACHVGGGTWTCTAAT	Daewook.77
Daewook.78	ACGCGAACTAAT	CCGGACTACHVGGGTWTCTAAT	Daewook.78
Daewook.79	TGGCAAATCTAG	CCGGACTACHVGGGTWTCTAAT	Daewook.79
Daewook.80	AGTTGTAGTCCG	CCGGACTACHVGGGTWTCTAAT	Daewook.80
Daewook.81	CTGATCCATCTT	CCGGACTACHVGGGTWTCTAAT	Daewook.81
Daewook.82	GCGAGCGAAGTA	CCGGACTACHVGGGTWTCTAAT	Daewook.82
Daewook.83	TACCGAAGGTAT	CCGGACTACHVGGGTWTCTAAT	Daewook.83
Daewook.84	GTTAAGCTGACC	CCGGACTACHVGGGTWTCTAAT	Daewook.84
Daewook.85	CGTGATCCGCTA	CCGGACTACHVGGGTWTCTAAT	Daewook.85
Daewook.86	AGCTATGTATGG	CCGGACTACHVGGGTWTCTAAT	Daewook.86
Daewook.87	CACCTTACCTTA	CCGGACTACHVGGGTWTCTAAT	Daewook.87
Daewook.88	TCGTCAAACCCG	CCGGACTACHVGGGTWTCTAAT	Daewook.88
Daewook.89	ATCTACCGAAGC	CCGGACTACHVGGGTWTCTAAT	Daewook.89
Daewook.90	CACTCATCATTC	CCGGACTACHVGGGTWTCTAAT	Daewook.90
Daewook.91	ATGCCATGCCGT	CCGGACTACHVGGGTWTCTAAT	Daewook.91
Daewook.92	GGTTATTTGGCG	CCGGACTACHVGGGTWTCTAAT	Daewook.92