stool.ASD.1.1	CGGTCAATTGAC
stool.ASD.3.1A	GGTGACTAGTTC
stool.ASD.3.1B	TCTCTACCACTC
stool.ASD.4.1	TGCAGTCCTCGA
stool.ASD.6.1	TCCCTTGTCTCC
stool.ASD.6.2	CGTAAGATGCCT
stool.ASD.7.1	GGCCAGTTCCTA
stool.ASD.7.2	GTGGAGTCTCAT
stool.ASD.7.3	ATTCTGCCGAAG
stool.ASD.7.4	ATGTCACCGCTG
stool.ASD.8.1	ATGGGTTCCGTC
stool.ASD.12.1	TGTCGCAAATAG
stool.ASD.12.2	AGCGGAGGTTAG
stool.control.13S.1A	GTCGTGTAGCCT
stool.control.13S.1B	GTGGTGGTTTCC
stool.control.13S.2	CCAATACGCCTG
stool.ASD.14.1	GCATATGCACTG
stool.ASD.14.2	TGCATACACTGG
stool.ASD.14.3	CAAATTCGGGAT
stool.control.15S.1	TAATACGGATCG
stool.control.15S.2	GAGCCATCTGTA
stool.control.15S.3	CTCACAACCGTG
stool.control.18S.1	AGGCTTACGTGT
stool.ASD.19.1	GCTCGAAGATTC
stool.ASD.22.1	GCGTTCTAGCTG
stool.ASD.22.2	GCGATATATCGC
stool.ASD.22.3	ACGAGACTGATT
stool.ASD.24.1	AACTAGTTCAGG
stool.ASD.24.2	ATGATGAGCCTC
stool.ASD.25.2	ACCAGTGACTCA
stool.control.26S.1	TAGGCATGCTTG
stool.ASD.27.1	GTTGTTCTGGGA
stool.ASD.27.2	ATCGCACAGTAA
stool.control.28S.2	GTAGATCGTGTA
stool.control.29C.1	CGAGGGAAAGTC
stool.control.30C.1	GTGTTGTCGTGC
stool.control.30C.2	ACTTCCAACTTC
stool.control.30C.3	CATTATGGCGTG
stool.control.31C.1	AAGGCGCTCCTT
stool.control.31C.2	GAACACTTTGGA
stool.control.32C.1	AGATTGACCAAC
stool.control.32C.2.run1	AGTCGAACGAGG
stool.control.32C.3	TTGGGTACACGT
stool.control.34C.1	GTCGACAGAGGA
stool.control.35C.1A	CTCACCTAGGAA
stool.control.35C.1B	AGTTACGAGCTA
stool.control.36C.1	AGTCGTGCACAT
stool.control.37C.1	ACCATAGCTCCG
stool.control.38C.2A	AGCATGTCCCGT
stool.control.38C.2B	GAATACCAAGTC
stool.control.39C.1	GTATCTGCGCGT
stool.control.39C.2	CACTACGCTAGA
stool.control.40C.1	TCGACATCTCTT
stool.control.40C.2	GATCTGCGATCC
