stool.ASD.6.4	ACTTCCAACTTC
stool.ASD.7.4.ASU	GTGGTGGTTTCC
stool.ASD.12.2.ASU	GTGTTGTCGTGC
stool.ASD.14.4	CATTATGGCGTG
stool.ASD.14.4.ASU	ATGTCACCGCTG
stool.control.15S.4	TTGGGTACACGT
stool.control.15S.4.ASU	AGTTACGAGCTA
stool.ASD.22.4	AGCATGTCCCGT
stool.ASD.22.4.ASU	AGCGGAGGTTAG
stool.ASD.24.1.ASU	CTCACCTAGGAA
stool.control.26S.1.ASU	GTACGATATGAC
stool.ASD.27.4	AGATTGACCAAC
stool.ASD.27.4.ASU	AAGGCGCTCCTT
stool.ASD.27.5	ATTCTGCCGAAG
stool.control.28S.3	CTGCTATTCCTC
stool.control.30C.4	ATGATGAGCCTC
stool.control.30C.5	TCTCTACCACTC
stool.control.31C.3	CAAATTCGGGAT
stool.control.32C.1.ASU	TGTCGCAAATAG
stool.control.32C.2.run2	GTCGACAGAGGA
stool.control.38C.1.ASU	CCAATACGCCTG
stool.control.39C.3	GTCGTGTAGCCT
stool.control.39C.4	CTCACAACCGTG
stool.control.40C.4	GAGCCATCTGTA
stool.control.40C.5	TAACGTGTGTGC
