#SampleID,BarcodeSequence,LinkerPrimerSequence,Cohort,sub_cohort,Run,Time_point,Time_From_First_Sample_Months,ASD_numbered,ASD,ASD_Sibling,Gender,Age_In_Years,Abdominal_Pain,Bloating,Loose_Stool,Constipation,GI_questionniare_group,UCD_Abdominal_Pain_subScore,UCD_Bloating_subScore,UCD_Loose_Stool_Diarrhea_subScore,UCD_Constipation_subScore,UCD_total_GI_Score,UCD_total_GI_Scores_all_integers,ASU_ranking_Abdominal_Pain_subScore,ASU_ranking_Loose_Stool_Diarrhea_subScore,ASU_ranking_Constipation_subScore,ASU_consistency_subScore,ASU_smell_subScore,ASU_flatulence_subScore,ASU_total_GI_Score,ConstipationDiarrheaAbdominalPain_GI_Score,k__Bacteria;p__Actinobacteria;c__Actinobacteria;o__Actinomycetales;f__Actinomycetaceae;g__Actinomyces,k__Bacteria;p__Actinobacteria;c__Actinobacteria;o__Bifidobacteriales;f__Bifidobacteriaceae;g__Bifidobacterium,k__Bacteria;p__Actinobacteria;c__Coriobacteriia;o__Coriobacteriales;f__Coriobacteriaceae;g__,k__Bacteria;p__Actinobacteria;c__Coriobacteriia;o__Coriobacteriales;f__Coriobacteriaceae;g__Adlercreutzia,k__Bacteria;p__Actinobacteria;c__Coriobacteriia;o__Coriobacteriales;f__Coriobacteriaceae;g__Eggerthella,k__Bacteria;p__Bacteroidetes;c__Bacteroidia;o__Bacteroidales;f__Bacteroidaceae;g__Bacteroides,k__Bacteria;p__Bacteroidetes;c__Bacteroidia;o__Bacteroidales;f__Porphyromonadaceae;g__Parabacteroides,k__Bacteria;p__Bacteroidetes;c__Bacteroidia;o__Bacteroidales;f__Prevotellaceae;g__Prevotella,k__Bacteria;p__Bacteroidetes;c__Bacteroidia;o__Bacteroidales;f__Rikenellaceae;g__Alistipes,k__Bacteria;p__Firmicutes;c__Bacilli;o__Lactobacillales;f__Streptococcaceae;g__Streptococcus,k__Bacteria;p__Firmicutes;c__Bacilli;o__Turicibacterales;f__Turicibacteraceae;g__Turicibacter,k__Bacteria;p__Firmicutes;c__Clostridia;o__Clostridiales;f__;g__,k__Bacteria;p__Firmicutes;c__Clostridia;o__Clostridiales;f__Christensenellaceae;g__,k__Bacteria;p__Firmicutes;c__Clostridia;o__Clostridiales;f__Clostridiaceae;g__,k__Bacteria;p__Firmicutes;c__Clostridia;o__Clostridiales;f__Clostridiaceae;g__Clostridium,k__Bacteria;p__Firmicutes;c__Clostridia;o__Clostridiales;f__Clostridiaceae;g__Sarcina,k__Bacteria;p__Firmicutes;c__Clostridia;o__Clostridiales;f__Lachnospiraceae;__,k__Bacteria;p__Firmicutes;c__Clostridia;o__Clostridiales;f__Lachnospiraceae;g__Blautia,k__Bacteria;p__Firmicutes;c__Clostridia;o__Clostridiales;f__Lachnospiraceae;g__Clostridium,k__Bacteria;p__Firmicutes;c__Clostridia;o__Clostridiales;f__Lachnospiraceae;g__Coprococcus,k__Bacteria;p__Firmicutes;c__Clostridia;o__Clostridiales;f__Lachnospiraceae;g__Dorea,k__Bacteria;p__Firmicutes;c__Clostridia;o__Clostridiales;f__Lachnospiraceae;g__Roseburia,k__Bacteria;p__Firmicutes;c__Clostridia;o__Clostridiales;f__Lachnospiraceae;g__[Ruminococcus],k__Bacteria;p__Firmicutes;c__Clostridia;o__Clostridiales;f__Peptostreptococcaceae;__,k__Bacteria;p__Firmicutes;c__Clostridia;o__Clostridiales;f__Ruminococcaceae;__,k__Bacteria;p__Firmicutes;c__Clostridia;o__Clostridiales;f__Ruminococcaceae;g__,k__Bacteria;p__Firmicutes;c__Clostridia;o__Clostridiales;f__Ruminococcaceae;g__Clostridium,k__Bacteria;p__Firmicutes;c__Clostridia;o__Clostridiales;f__Ruminococcaceae;g__Gemmiger,k__Bacteria;p__Firmicutes;c__Clostridia;o__Clostridiales;f__Ruminococcaceae;g__Oscillospira,k__Bacteria;p__Firmicutes;c__Clostridia;o__Clostridiales;f__Ruminococcaceae;g__Ruminococcus,k__Bacteria;p__Firmicutes;c__Clostridia;o__Clostridiales;f__[Mogibacteriaceae];g__,k__Bacteria;p__Firmicutes;c__Erysipelotrichi;o__Erysipelotrichales;f__Erysipelotrichaceae;g__,k__Bacteria;p__Firmicutes;c__Erysipelotrichi;o__Erysipelotrichales;f__Erysipelotrichaceae;g__Clostridium,k__Bacteria;p__Firmicutes;c__Erysipelotrichi;o__Erysipelotrichales;f__Erysipelotrichaceae;g__Coprobacillus,k__Bacteria;p__Firmicutes;c__Erysipelotrichi;o__Erysipelotrichales;f__Erysipelotrichaceae;g__Holdemania,k__Bacteria;p__Firmicutes;c__Erysipelotrichi;o__Erysipelotrichales;f__Erysipelotrichaceae;g__[Eubacterium],k__Bacteria;p__Proteobacteria;c__Betaproteobacteria;o__Burkholderiales;f__Alcaligenaceae;g__Sutterella,k__Bacteria;p__Proteobacteria;c__Deltaproteobacteria;o__Desulfovibrionales;f__Desulfovibrionaceae;g__Bilophila,k__Bacteria;p__Proteobacteria;c__Deltaproteobacteria;o__Desulfovibrionales;f__Desulfovibrionaceae;g__Desulfovibrio,k__Bacteria;p__Proteobacteria;c__Gammaproteobacteria;o__Enterobacteriales;f__Enterobacteriaceae;__,k__Bacteria;p__Verrucomicrobia;c__Verrucomicrobiae;o__Verrucomicrobiales;f__Verrucomicrobiaceae;g__Akkermansia,Description
Daewook.1,CCACAGATCGAT,CCGGACTACHVGGGTWTCTAAT,AZ,unrelatedControl_AZ,1,NA,0,0,No,NA,Male,12,NA,NA,NA,NA,A,NA,NA,NA,NA,NA,NA,0,0,0,0,0,0,0,0,5,1842,57,6,0,8088,2465,198,928,57,18,3205,2566,0,177,0,224,2637,825,5032,741,3324,460,10,2333,2660,19,556,1818,3859,168,1116,42,41,16,13,144,23,382,1026,2480,Daewook.1
Daewook.10,TGCGCTGAATGT,CCGGACTACHVGGGTWTCTAAT,AZ,unrelatedControl_AZ,1,NA,0,0,No,NA,Male,4,NA,NA,NA,NA,A,NA,NA,NA,NA,NA,NA,0,0,0,0,0,0,0,0,10,6101,127,0,0,2325,842,4516,42,267,25,1671,568,624,1847,0,248,7788,571,5708,2915,7298,2750,235,1974,6437,0,665,2296,3228,219,1495,18,0,29,5,24,43,25,11,88,Daewook.10
Daewook.11,TGGAGTAGGTGG,CCGGACTACHVGGGTWTCTAAT,AZ,unrelatedControl_AZ,1,NA,0,0,No,NA,Male,5,NA,NA,NA,NA,A,NA,NA,NA,NA,NA,NA,0,0,0,0,0,0,0,0,78,23948,83,118,340,3143,65,30,108,632,534,252,30,46,675,0,86,7781,174,18131,6858,291,9799,3070,906,828,15,68,1134,6233,332,1319,1259,2690,326,597,30,3,0,11071,3586,Daewook.11
Daewook.12,ACCGGTATGTAC,CCGGACTACHVGGGTWTCTAAT,AZ,unrelatedControl_AZ,1,NA,0,0,No,NA,Male,6,NA,NA,NA,NA,A,NA,NA,NA,NA,NA,NA,0,0,0,0,0,0,0,0,19,10723,38,0,119,3612,24,13,62,587,1006,7,8,0,1515,0,6,3683,789,3624,809,1115,423,2019,239,3906,0,65,177,4081,121,1039,80,9,0,228,0,12,0,13544,171,Daewook.12
Daewook.13,CAAACAACAGCT,CCGGACTACHVGGGTWTCTAAT,AZ,unrelatedControl_AZ,1,NA,0,0,No,NA,Male,3,NA,NA,NA,NA,A,NA,NA,NA,NA,NA,NA,0,0,0,0,0,0,0,0,16,4170,13,0,106,21250,1069,46,614,315,295,367,30,0,112,0,105,3263,1208,773,4712,3460,2684,619,427,1505,0,418,594,2151,37,1433,53,125,0,765,38,18,0,7736,118,Daewook.13
Daewook.14,TTGCGTTAGCAG,CCGGACTACHVGGGTWTCTAAT,AZ,unrelatedControl_AZ,1,NA,0,0,No,NA,Female,14,NA,NA,NA,NA,A,NA,NA,NA,NA,NA,NA,0,0,1,0,0,0,1,1,32,12923,79,10,0,6413,1904,53,1148,301,112,1175,2328,0,1315,0,79,7840,219,6459,1523,3164,496,803,4919,1526,42,277,1932,1953,308,1748,45,163,117,63,184,11,354,0,3434,Daewook.14
Daewook.15,TGTGAATTCGGA,CCGGACTACHVGGGTWTCTAAT,AZ,unrelatedControl_AZ,1,NA,0,0,No,NA,Female,4,NA,NA,NA,NA,A,NA,NA,NA,NA,NA,NA,0,0,1,0,0,0,1,1,5,122,5,0,0,6378,564,1460,407,135,17,5426,0,0,814,0,51,1526,491,1947,796,4574,403,137,463,7423,13,4582,7243,2050,257,15,242,16,36,0,111,0,453,14,1904,Daewook.15
Daewook.16,AGTTGAGGCATT,CCGGACTACHVGGGTWTCTAAT,AZ,unrelatedControl_AZ,1,NA,0,0,No,NA,Female,4,NA,NA,NA,NA,A,NA,NA,NA,NA,NA,NA,0,0,1,0,0,0,1,1,24,4279,151,55,64,10533,4002,12,2797,162,592,500,161,857,857,0,140,6052,498,6694,1070,2076,686,2038,1218,1265,16,264,1297,4519,423,2360,139,39,21,187,15,10,0,2218,3385,Daewook.16
Daewook.17,GATTCCGGCTCA,CCGGACTACHVGGGTWTCTAAT,AZ,unrelatedControl_AZ,1,NA,0,0,No,NA,Male,15,NA,NA,NA,NA,A,NA,NA,NA,NA,NA,NA,0,0,1,0,0,0,1,1,3,149,27,82,19,3055,380,0,742,92,17,6153,470,0,591,0,86,2839,451,3273,651,3837,2410,14,10802,5680,0,138,11454,2871,247,1962,371,27,53,100,83,10,60,402,118,Daewook.17
Daewook.18,ATGGCTGTCAGT,CCGGACTACHVGGGTWTCTAAT,AZ,unrelatedControl_AZ,1,NA,0,0,No,NA,Male,8,NA,NA,NA,NA,A,NA,NA,NA,NA,NA,NA,0,0,0,0,0,1,1,0,13,581,22,0,65,7469,1017,15,223,56,21,17,0,0,157,0,47,1704,617,590,790,112,166,203,387,25,0,280,60,194,39,113,52,27,119,32,0,0,0,66905,1276,Daewook.18
Daewook.19,TTGGCTCTATTC,CCGGACTACHVGGGTWTCTAAT,AZ,unrelatedControl_AZ,1,NA,0,0,No,NA,Male,16,NA,NA,NA,NA,A,NA,NA,NA,NA,NA,NA,0,0,0,1,1,0,2,0,39,20797,64,0,0,512,41,0,48,639,100,466,2,30,904,0,80,9834,3848,8284,4427,1119,1411,1062,222,208,0,976,282,768,299,6979,89,13,3,13,0,0,0,117,0,Daewook.19
Daewook.2,TAGTATGCGCAA,CCGGACTACHVGGGTWTCTAAT,AZ,unrelatedControl_AZ,1,NA,0,0,No,NA,Male,13,NA,NA,NA,NA,A,NA,NA,NA,NA,NA,NA,0,0,0,0,0,0,0,0,30,3647,6,13,10,12625,1312,0,943,138,85,419,3,0,659,0,13,3912,193,5383,2066,2021,673,743,344,203,0,1446,760,1484,225,1661,0,0,7,4,388,28,0,861,2222,Daewook.2
Daewook.20,AATTGTGTCGGA,CCGGACTACHVGGGTWTCTAAT,AZ,unrelatedControl_AZ,1,NA,0,0,No,NA,Male,10,NA,NA,NA,NA,A,NA,NA,NA,NA,NA,NA,1,0,0,0,0,2,3,1,94,4093,415,31,52,431,51,114,730,195,53,1382,1832,654,1273,0,120,13701,1001,9836,4269,666,2131,268,3580,1505,32,697,498,15035,527,5519,1201,5,15,954,26,63,0,10,2641,Daewook.20
Daewook.21,GCAACACCATCC,CCGGACTACHVGGGTWTCTAAT,AZ,ASD_AZ,1,NA,0,1,Yes,NA,Male,6,NA,NA,NA,NA,A,NA,NA,NA,NA,NA,NA,0,0,0,0,1,0,1,0,40,9800,10,35,46,4306,1318,5,1624,1553,218,3,0,508,3200,324,41,15454,739,8334,86,4105,899,2280,300,112,0,2327,533,2166,318,2687,329,11,25,37,3498,0,0,264,0,Daewook.21
Daewook.22,TACGAGCCCTAA,CCGGACTACHVGGGTWTCTAAT,AZ,ASD_AZ,1,NA,0,1,Yes,NA,Male,5,NA,NA,NA,NA,A,NA,NA,NA,NA,NA,NA,1,0,0,0,0,1,2,1,0,649,0,0,0,5835,410,759,657,37,34,508,36,70,215,127,145,965,160,1046,232,737,278,373,577,554,0,315,525,2143,67,288,119,21,15,99,349,0,0,420,672,Daewook.22
Daewook.23,CATTCGTGGCGT,CCGGACTACHVGGGTWTCTAAT,AZ,ASD_AZ,1,NA,0,1,Yes,NA,Male,8,NA,NA,NA,NA,A,NA,NA,NA,NA,NA,NA,1,0,0,1,0,0,2,1,22,7181,60,178,88,23271,283,24,3895,426,4049,700,234,63,248,0,314,14964,1012,12070,4509,9532,2179,3493,988,4473,18,418,1177,9097,1293,12751,1009,68,88,164,47,7,0,19,7304,Daewook.23
Daewook.24,ACAATAGACACC,CCGGACTACHVGGGTWTCTAAT,AZ,ASD_AZ,1,NA,0,1,Yes,NA,Male,11,NA,NA,NA,NA,A,NA,NA,NA,NA,NA,NA,0,0,1,0,0,1,2,1,0,1416,4,13,16,11540,864,34,2608,120,27,462,74,0,1209,0,194,5718,1925,2217,1192,939,1045,32,713,1631,20,826,2723,7911,105,3147,137,59,20,33,65,171,98,76,399,Daewook.24
Daewook.25,CGTAATTGCCGC,CCGGACTACHVGGGTWTCTAAT,AZ,ASD_AZ,1,NA,0,1,Yes,NA,Male,11,NA,NA,NA,NA,A,NA,NA,NA,NA,NA,NA,0,0,1,0,0,1,2,1,39,7644,113,127,211,7725,16269,216,1639,456,320,6529,2223,87,653,0,444,14635,2351,7240,1712,851,1153,3313,1766,5568,0,335,4285,6651,535,866,3224,14,27,916,0,108,0,934,19147,Daewook.25
Daewook.26,GTTCTCTTCTCG,CCGGACTACHVGGGTWTCTAAT,AZ,ASD_AZ,1,NA,0,1,Yes,NA,Male,9,NA,NA,NA,NA,A,NA,NA,NA,NA,NA,NA,0,0,0,1,1,1,3,0,15,900,165,40,127,14685,1298,25,764,554,1871,4832,747,943,4763,14,201,1272,104,3964,1196,269,343,3945,2668,2501,55,60,1004,7895,1296,16719,1386,5,217,198,41,8,0,465,19,Daewook.26
Daewook.27,TACCGCTTCTTC,CCGGACTACHVGGGTWTCTAAT,AZ,ASD_AZ,1,NA,0,1,Yes,NA,Male,6,NA,NA,NA,NA,A,NA,NA,NA,NA,NA,NA,0,0,1,0,0,2,3,1,0,1569,212,16,0,44380,6731,17,751,11,53,275,215,409,69,0,570,1943,230,2011,685,10724,2035,1683,553,179,44,0,1084,4739,848,5142,240,10,73,36,1041,0,148,4012,10,Daewook.27
Daewook.28,GCACACCTGATA,CCGGACTACHVGGGTWTCTAAT,AZ,ASD_AZ,1,NA,0,1,Yes,NA,Male,6,NA,NA,NA,NA,A,NA,NA,NA,NA,NA,NA,1,0,1,1,1,0,4,2,9,1970,40,0,76,39107,1231,0,5202,171,12,481,424,15,201,0,492,3827,736,3276,1389,1284,3510,388,1211,1426,24,0,2644,3056,399,36,3628,61,142,1059,259,42,0,81,7133,Daewook.28
Daewook.29,AGTAGCGGAAGA,CCGGACTACHVGGGTWTCTAAT,AZ,ASD_AZ,1,NA,0,1,Yes,NA,Male,4,NA,NA,NA,NA,A,NA,NA,NA,NA,NA,NA,0,0,0,2,0,2,4,0,9,0,19,44,678,23023,3931,0,45,445,55,5,0,45,4368,0,890,32759,1184,3307,2640,6609,1651,102,1685,1147,74,6197,1035,4020,23,15549,888,11,140,144,2238,13,0,0,11,Daewook.29
Daewook.3,AGCAGAACATCT,CCGGACTACHVGGGTWTCTAAT,AZ,unrelatedControl_AZ,1,NA,0,0,No,NA,Male,5,NA,NA,NA,NA,A,NA,NA,NA,NA,NA,NA,0,0,0,0,0,0,0,0,79,352,36,26,57,4198,629,541,355,315,87,893,238,0,348,0,671,1622,453,1464,496,1258,766,92,849,2136,0,381,536,12960,2884,1165,55,28,240,2,70,0,144,1427,1006,Daewook.3
Daewook.30,TCCTCGAGCGAT,CCGGACTACHVGGGTWTCTAAT,AZ,ASD_AZ,1,NA,0,1,Yes,NA,Female,4,NA,NA,NA,NA,A,NA,NA,NA,NA,NA,NA,0,0,2,1,2,0,5,2,16,124,0,2,0,340,155,106,0,0,0,0,0,0,8,112,0,200,0,0,74,44,0,7,45,0,0,98,0,10,0,204,0,0,0,0,5,0,8,69,72,Daewook.30
Daewook.31,TTAGAGCCATGC,CCGGACTACHVGGGTWTCTAAT,AZ,ASD_AZ,1,NA,0,1,Yes,NA,Male,5,NA,NA,NA,NA,A,NA,NA,NA,NA,NA,NA,1,0,0,1,1,2,5,1,84,25934,48,18,3434,2273,278,10,197,3695,93,153,10,250,3343,0,93,13554,178,22520,1789,3206,1769,2055,643,791,27,812,705,2812,1473,11,2887,58,0,62,0,0,0,1819,15079,Daewook.31
Daewook.32,TCGTGCGTGTTG,CCGGACTACHVGGGTWTCTAAT,AZ,ASD_AZ,1,NA,0,1,Yes,NA,Male,4,NA,NA,NA,NA,A,NA,NA,NA,NA,NA,NA,1,0,1,0,2,2,6,2,102,519,240,872,345,2882,710,129,525,1081,5817,3846,575,27280,2014,0,327,14271,503,25443,4075,838,6131,18353,1770,3147,32,625,1471,10395,2772,16476,2535,86,153,1145,35,45,0,133,26664,Daewook.32
Daewook.33,TTAAGACAGTCG,CCGGACTACHVGGGTWTCTAAT,AZ,ASD_AZ,1,NA,0,1,Yes,NA,Female,5,NA,NA,NA,NA,A,NA,NA,NA,NA,NA,NA,1,0,2,1,1,1,6,3,39,84,41,0,343,31922,9113,26,10208,559,942,716,62,31,364,0,1315,25473,1387,6678,376,10691,2843,1623,912,1608,15,1062,5525,5706,236,42,411,360,160,524,6092,0,0,244,484,Daewook.33
Daewook.34,GTGCAACCAATC,CCGGACTACHVGGGTWTCTAAT,AZ,ASD_AZ,1,NA,0,1,Yes,NA,Male,4,NA,NA,NA,NA,A,NA,NA,NA,NA,NA,NA,1,0,1,1,2,1,6,2,10,5352,139,0,487,9808,1209,0,748,82,10,365,216,222,582,0,325,4730,109,7486,146,2344,1389,586,3114,1130,55,0,2713,6368,336,1231,556,88,81,37,694,49,0,130,70,Daewook.34
Daewook.35,TGTGCGATAACA,CCGGACTACHVGGGTWTCTAAT,AZ,ASD_AZ,1,NA,0,1,Yes,NA,Male,3,NA,NA,NA,NA,A,NA,NA,NA,NA,NA,NA,1,1,2,1,1,1,7,4,3,1005,0,0,664,23123,0,0,0,3016,59,8,0,77,360,0,100,4978,167,928,2264,53,1300,511,110,14,0,0,2229,561,0,0,2307,472,0,5230,0,0,0,9148,5712,Daewook.35
Daewook.36,GCGACAATTACA,CCGGACTACHVGGGTWTCTAAT,AZ,ASD_AZ,1,NA,0,1,Yes,NA,Male,7,NA,NA,NA,NA,A,NA,NA,NA,NA,NA,NA,2,0,2,0,2,1,7,4,15,6788,75,173,624,11140,243,0,3879,87,295,1165,350,962,553,0,474,5673,410,7980,1982,1353,1608,978,1696,2749,65,1289,3059,17932,1910,289,1415,202,111,74,0,40,0,6422,17707,Daewook.36
Daewook.37,GCAATTAGGTAC,CCGGACTACHVGGGTWTCTAAT,AZ,ASD_AZ,1,NA,0,1,Yes,NA,Male,11,NA,NA,NA,NA,A,NA,NA,NA,NA,NA,NA,2,0,1,0,2,2,7,3,95,0,166,189,495,779,45,7,67,1071,129,130,33,626,3889,0,91,2439,33,5102,904,160,2385,1462,704,4151,45,6,82,15230,430,2788,44,17,26,218,0,0,0,104,20,Daewook.37
Daewook.38,ACCCAAGCGTTA,CCGGACTACHVGGGTWTCTAAT,AZ,ASD_AZ,1,NA,0,1,Yes,NA,Male,9,NA,NA,NA,NA,A,NA,NA,NA,NA,NA,NA,1,1,1,1,2,2,8,3,50,22046,16,0,295,8742,1622,8,239,8329,0,153,0,0,60,0,73,13909,1253,11972,6180,1261,669,134,126,39,15,1788,645,225,33,75,1579,60,55,82,68,94,0,15615,5,Daewook.38
Daewook.39,TGAACCCTATGG,CCGGACTACHVGGGTWTCTAAT,AZ,ASD_AZ,1,NA,0,1,Yes,NA,Male,9,NA,NA,NA,NA,A,NA,NA,NA,NA,NA,NA,1,1,2,1,1,2,8,4,14,84,55,0,558,23505,1565,27,4873,265,181,847,5,24,1240,849,152,3463,852,1167,858,6647,889,1385,524,18885,0,7209,2964,15332,189,50,232,11,2,25,935,9,0,32,5953,Daewook.39
Daewook.4,TACAGCGCATAC,CCGGACTACHVGGGTWTCTAAT,AZ,unrelatedControl_AZ,1,NA,0,0,No,NA,Male,12,NA,NA,NA,NA,A,NA,NA,NA,NA,NA,NA,0,0,0,0,0,0,0,0,85,5392,1193,29,57,13146,1200,0,515,1517,1421,2185,201,2713,275,0,228,11366,289,17492,4765,9037,4252,1535,4782,5381,79,1288,2755,20463,1116,3462,1939,16,165,405,147,19,0,111,902,Daewook.4
Daewook.40,GTTATCGCATGG,CCGGACTACHVGGGTWTCTAAT,AZ,unrelatedControl_AZ,1,NA,0,0,No,NA,Male,9,NA,NA,NA,NA,A,NA,NA,NA,NA,NA,NA,0,0,0,0,0,0,0,0,26,1929,74,0,8,83616,4572,74,379,82,20,1243,0,231,467,0,415,11972,3803,7347,3318,11735,3234,181,1227,300,0,5697,1273,5138,19,8360,93,42,29,38,2894,126,0,54,2745,Daewook.40
Daewook.42,GCTTGAGCTTGA,CCGGACTACHVGGGTWTCTAAT,AZ,unrelatedControl_AZ,1,NA,0,0,No,NA,Female,8,NA,NA,NA,NA,A,NA,NA,NA,NA,NA,NA,0,0,0,0,0,0,0,0,7,645,61,42,0,7876,312,4701,997,82,725,3263,147,6109,1404,0,219,1977,2077,2201,1896,2520,1181,1514,2793,2136,31,349,1613,3796,239,1193,410,0,21,3212,62,21,277,76,2091,Daewook.42
Daewook.43,GATTATCGACGA,CCGGACTACHVGGGTWTCTAAT,AZ,unrelatedControl_AZ,1,NA,0,0,No,NA,Male,6,NA,NA,NA,NA,A,NA,NA,NA,NA,NA,NA,0,0,0,0,0,0,0,0,16,1098,208,290,19,5547,725,3417,471,793,604,740,0,116,2063,0,259,5781,1405,6961,4048,1516,650,2533,436,1790,0,262,619,2990,469,7259,1082,64,31,84,14,5,0,773,0,Daewook.43
Daewook.44,TCATGCTCCATT,CCGGACTACHVGGGTWTCTAAT,AZ,unrelatedControl_AZ,1,NA,0,0,No,NA,Male,9,NA,NA,NA,NA,A,NA,NA,NA,NA,NA,NA,0,0,0,0,0,0,0,0,15,3156,87,42,25,16944,9297,1512,8765,145,77,8380,4353,2458,1091,0,1264,12081,2827,15558,3492,2857,2500,239,1818,25373,13,4420,6485,12273,597,10946,195,103,82,147,1201,609,0,184,20288,Daewook.44
Daewook.45,CATACCGTGAGT,CCGGACTACHVGGGTWTCTAAT,AZ,unrelatedControl_AZ,1,NA,0,0,No,NA,Male,6,NA,NA,NA,NA,A,NA,NA,NA,NA,NA,NA,0,0,0,0,0,0,0,0,32,16222,403,561,269,1264,70,1743,399,1373,1166,1128,68,3780,1748,0,226,35570,2119,19865,6241,6025,5626,1576,4925,2235,30,9675,991,6407,2261,11422,1465,205,26,147,4,11,0,33,199,Daewook.45
Daewook.46,TGCAGCAAGATT,CCGGACTACHVGGGTWTCTAAT,AZ,unrelatedControl_AZ,1,NA,0,0,No,NA,Female,4,NA,NA,NA,NA,A,NA,NA,NA,NA,NA,NA,1,0,2,1,1,0,5,3,3,4422,23,15,12,22730,1791,10,1726,464,275,3919,291,470,347,0,43,2222,1005,3537,686,2713,1168,604,697,3854,0,4311,1021,9944,230,1006,30,0,11,48,188,39,0,1132,883,Daewook.46
Daewook.47,AGAGTCTTGCCA,CCGGACTACHVGGGTWTCTAAT,AZ,unrelatedControl_AZ,1,NA,0,0,No,NA,Male,6,NA,NA,NA,NA,A,NA,NA,NA,NA,NA,NA,0,0,2,0,0,0,2,2,0,1890,138,70,0,4038,1012,8452,1746,30,295,6961,1846,1067,471,0,108,2145,476,2341,773,1417,315,960,745,8883,4,1447,3564,13220,309,1785,262,33,32,33,353,229,0,3229,653,Daewook.47
Daewook.48,GATCACGAGAGG,CCGGACTACHVGGGTWTCTAAT,AZ,unrelatedControl_AZ,1,NA,0,0,No,NA,Male,7,NA,NA,NA,NA,A,NA,NA,NA,NA,NA,NA,0,0,0,0,0,0,0,0,0,2333,7,35,15,18482,8910,57854,5807,358,228,14217,97,1161,1467,7,164,3706,1971,4889,1215,8508,666,996,1784,6706,20,1330,3782,12797,202,2298,82,40,26,34,1025,110,0,28,1073,Daewook.48
Daewook.5,CAGCTCATCAGC,CCGGACTACHVGGGTWTCTAAT,AZ,unrelatedControl_AZ,1,NA,0,0,No,NA,Male,4,NA,NA,NA,NA,A,NA,NA,NA,NA,NA,NA,0,0,0,0,0,0,0,0,151,519,965,196,417,5808,225,86,92,4732,2879,2122,138,546,5310,0,836,6948,1720,9546,2054,1918,3176,6051,486,13057,56,218,1680,11227,1617,21076,846,16,73,305,56,22,0,55,10027,Daewook.5
Daewook.51,GCCTAGCCCAAT,CCGGACTACHVGGGTWTCTAAT,AZ,unrelatedControl_AZ,1,NA,0,0,No,NA,Male,9,NA,NA,NA,NA,A,NA,NA,NA,NA,NA,NA,0,0,0,0,0,0,0,0,23,3035,15,0,0,2330,138,2533,58,835,44,292,0,1713,1078,0,71,4755,2104,5210,3131,4701,768,990,1413,70,0,326,164,93,46,1015,0,0,0,902,176,3,48,7,9,Daewook.51
Daewook.52,AGCTGTCAAGCT,CCGGACTACHVGGGTWTCTAAT,AZ,unrelatedControl_AZ,1,NA,0,0,No,NA,Male,9,NA,NA,NA,NA,A,NA,NA,NA,NA,NA,NA,0,0,1,0,0,1,2,1,18,1871,10,0,42,16422,16,7,1926,677,81,299,111,1098,1167,0,79,3873,1651,7811,1482,13496,1323,4857,1542,652,0,1483,1296,8502,203,1675,349,0,34,254,827,96,0,75,75,Daewook.52
Daewook.53,ATGTGTGTAGAC,CCGGACTACHVGGGTWTCTAAT,AZ,unrelatedControl_AZ,1,NA,0,0,No,NA,Male,12,NA,NA,NA,NA,A,NA,NA,NA,NA,NA,NA,1,0,0,0,1,2,4,1,0,8576,27,41,26,15348,388,0,3272,290,0,2482,101,1759,535,0,88,3577,2373,4077,1430,13859,671,155,1213,4184,0,1554,1328,4917,92,914,114,23,26,126,56,27,0,0,21,Daewook.53
Daewook.54,AGCAACATTGCA,CCGGACTACHVGGGTWTCTAAT,AZ,unrelatedControl_AZ,1,NA,0,0,No,NA,Female,16,NA,NA,NA,NA,A,NA,NA,NA,NA,NA,NA,1,0,2,0,0,1,4,3,60,6977,13,74,64,18135,2666,47,2333,10664,83,13,32,0,1990,0,1003,4345,219,4206,732,401,1418,58,1204,749,0,1031,1277,2005,259,181,104,50,41,1307,16,17,245,795,4,Daewook.54
Daewook.55,ACAACACTCCGA,CCGGACTACHVGGGTWTCTAAT,AZ,unrelatedControl_AZ,1,NA,0,0,No,NA,Female,14,NA,NA,NA,NA,A,NA,NA,NA,NA,NA,NA,2,0,1,0,0,1,4,3,34,3037,67,10,59,15965,528,21,4128,1962,88,479,7,44,88,0,147,972,508,125,380,49,478,48,7002,205,0,26,753,367,207,67,14,0,61,21,24,34,0,4357,25323,Daewook.55
Daewook.56,GTAAATTCAGGC,CCGGACTACHVGGGTWTCTAAT,AZ,unrelatedControl_AZ,1,NA,0,0,No,NA,Male,11,NA,NA,NA,NA,A,NA,NA,NA,NA,NA,NA,2,0,2,0,2,1,7,4,0,28,0,36,19,24053,15,11,365,202,272,542,116,0,367,0,80,2555,2436,5812,2011,11948,647,827,1794,955,0,2405,1251,5636,159,402,224,41,115,344,275,0,0,578,84,Daewook.56
Daewook.57,TGGGTCCCACAT,CCGGACTACHVGGGTWTCTAAT,AZ,unrelatedControl_AZ,1,NA,0,0,No,NA,Female,12,NA,NA,NA,NA,A,NA,NA,NA,NA,NA,NA,1,0,1,0,1,2,5,2,15,4964,38,51,21,20363,1691,0,2849,519,295,1301,35,1060,836,0,195,6506,1282,5968,1544,11440,532,658,1002,4286,0,0,809,10220,146,2194,256,26,9,101,1077,136,0,23,20,Daewook.57
Daewook.58,GATGTATGTGGT,CCGGACTACHVGGGTWTCTAAT,AZ,unrelatedControl_AZ,1,NA,0,0,No,NA,Female,5,NA,NA,NA,NA,A,NA,NA,NA,NA,NA,NA,0,0,1,0,0,1,2,1,10,3613,16,12,39,36848,5349,61,5015,471,122,1519,248,624,341,11,346,8112,1014,8732,1713,14113,1364,1475,1303,5837,0,2994,2234,21536,396,2873,147,0,42,39,1848,157,0,44,25,Daewook.58
Daewook.59,GAGAGCAACAGA,CCGGACTACHVGGGTWTCTAAT,AZ,unrelatedControl_AZ,1,NA,0,0,No,NA,Male,13,NA,NA,NA,NA,A,NA,NA,NA,NA,NA,NA,1,0,0,1,1,2,5,1,0,951,0,0,0,9455,871,25,1153,351,47,340,22,662,506,12,249,4402,1397,2505,1244,10330,473,1686,1549,889,0,1255,882,4614,80,526,46,28,19,8,0,119,152,226,65,Daewook.59
Daewook.6,CAACTCCCGTGA,CCGGACTACHVGGGTWTCTAAT,AZ,unrelatedControl_AZ,1,NA,0,0,No,NA,Male,4,NA,NA,NA,NA,A,NA,NA,NA,NA,NA,NA,0,0,0,0,0,0,0,0,39,6230,214,72,475,3177,143,24,142,493,549,391,77,1825,515,0,174,2450,190,3587,2052,152,1081,2641,791,1763,25,104,2309,6006,635,5314,603,117,46,247,17,28,0,7337,577,Daewook.6
Daewook.60,CCTGCGAAGTAT,CCGGACTACHVGGGTWTCTAAT,AZ,unrelatedControl_AZ,1,NA,0,0,No,NA,Male,5,NA,NA,NA,NA,A,NA,NA,NA,NA,NA,NA,0,0,0,0,0,0,0,0,0,817,0,0,20,28433,11231,0,12,1724,63,4,0,562,1236,0,346,2553,2721,3945,1051,5131,1223,630,704,0,0,0,687,1024,22,3895,173,32,0,177,0,176,0,65,0,Daewook.60
Daewook.61,GATGTGGTGTTA,CCGGACTACHVGGGTWTCTAAT,AZ,ASD_AZ,1,NA,0,1,Yes,NA,Male,13,NA,NA,NA,NA,A,NA,NA,NA,NA,NA,NA,0,0,2,1,0,0,3,2,7,1877,247,22,182,785,151,9,64,357,236,155,22,0,14080,0,344,4822,1235,6849,2841,551,1870,17954,525,4728,0,1064,1188,1273,998,1207,15,8,15,292,0,0,0,1241,43,Daewook.61
Daewook.62,CGATGCTGTTGA,CCGGACTACHVGGGTWTCTAAT,AZ,ASD_AZ,1,NA,0,1,Yes,NA,Male,4,NA,NA,NA,NA,A,NA,NA,NA,NA,NA,NA,0,0,2,0,0,0,2,2,0,32,0,6,5,21823,3212,16,5138,142,91,1430,1429,0,1618,47,61,1242,262,1352,249,2925,534,456,2802,1543,0,1416,2406,9629,82,1126,127,0,24,13,1451,9,0,114,446,Daewook.62
Daewook.63,AGTGTTTCGGAC,CCGGACTACHVGGGTWTCTAAT,AZ,ASD_AZ,1,NA,0,1,Yes,NA,Male,9,NA,NA,NA,NA,A,NA,NA,NA,NA,NA,NA,1,0,0,0,0,1,2,1,0,494,42,38,15,38488,0,19,4475,55,0,141,15,0,102,0,203,1418,1121,472,45,3653,160,103,460,1442,0,319,1629,1804,39,3033,51,17,67,21,2771,630,0,44,2216,Daewook.63
Daewook.64,CACTGGTGCATA,CCGGACTACHVGGGTWTCTAAT,AZ,ASD_AZ,1,NA,0,1,Yes,NA,Male,9,NA,NA,NA,NA,A,NA,NA,NA,NA,NA,NA,1,1,2,1,2,2,9,4,11,2215,0,0,46,17932,2457,6,1567,131,69,171,0,12,1728,0,312,4756,3048,3869,1815,24070,1314,3035,81,94,51,3978,218,3322,0,0,157,16,11,231,0,0,0,51,6,Daewook.64
Daewook.65,ACGATTCGAGTC,CCGGACTACHVGGGTWTCTAAT,AZ,ASD_AZ,1,NA,0,1,Yes,NA,Male,6,NA,NA,NA,NA,A,NA,NA,NA,NA,NA,NA,0,0,1,0,1,0,2,1,13,146,0,0,28,62891,3988,15,5705,65,0,595,0,0,1469,0,250,3262,841,1624,343,9791,596,95,995,197,20,1141,760,1512,168,1183,44,11,187,94,2394,810,0,0,6,Daewook.65
Daewook.68,TTCTCTCGACAT,CCGGACTACHVGGGTWTCTAAT,AZ,ASD_AZ,1,NA,0,1,Yes,NA,Male,13,NA,NA,NA,NA,A,NA,NA,NA,NA,NA,NA,0,0,0,0,0,0,0,0,0,1217,43,0,0,2513,660,7067,175,126,9,5659,1287,324,160,0,285,912,298,2320,1489,3708,221,106,2148,10163,0,170,3184,4132,115,80,0,0,16,1364,1502,83,425,562,0,Daewook.68
Daewook.7,TCGGAATTAGAC,CCGGACTACHVGGGTWTCTAAT,AZ,unrelatedControl_AZ,1,NA,0,0,No,NA,Male,8,NA,NA,NA,NA,A,NA,NA,NA,NA,NA,NA,0,0,0,0,0,0,0,0,40,4273,120,115,100,2921,825,1736,925,738,191,551,198,26,346,0,85,1906,120,438,1783,3133,2292,1175,753,2614,43,777,1444,12670,844,430,127,0,71,58,3959,13,36,0,647,Daewook.7
Daewook.72,AACGTAGGCTCT,CCGGACTACHVGGGTWTCTAAT,AZ,ASD_AZ,1,NA,0,1,Yes,NA,Female,16,NA,NA,NA,NA,A,NA,NA,NA,NA,NA,NA,1,0,1,1,1,2,6,2,6,1159,0,8,17,56577,2326,44,4339,128,272,4343,132,0,486,0,161,5447,1878,5828,1475,10200,796,146,2501,3004,61,687,21742,11012,219,116,331,220,96,67,2035,662,0,0,941,Daewook.72
Daewook.73,GGTTCGGTCCAT,CCGGACTACHVGGGTWTCTAAT,AZ,ASD_AZ,1,NA,0,1,Yes,NA,Male,17,NA,NA,NA,NA,A,NA,NA,NA,NA,NA,NA,0,0,2,0,0,2,4,2,0,32,0,11,0,21937,369,6,4550,1904,0,787,4,0,0,0,259,5794,405,2969,1429,6909,470,0,440,605,5,588,1600,844,90,4298,0,43,394,0,0,0,0,0,0,Daewook.73
Daewook.74,GTCACGGACATT,CCGGACTACHVGGGTWTCTAAT,AZ,ASD_AZ,1,NA,0,1,Yes,NA,Male,6,NA,NA,NA,NA,A,NA,NA,NA,NA,NA,NA,2,1,0,2,2,0,7,3,2,855,24,9,0,10202,1942,7048,1206,22,16,1412,153,837,324,1063,277,3209,711,4514,840,2970,543,301,1487,4301,0,1882,2168,6031,186,691,36,0,35,348,326,84,0,39,533,Daewook.74
Daewook.76,GCTCTCCGTAGA,CCGGACTACHVGGGTWTCTAAT,AZ,ASD_AZ,1,NA,0,1,Yes,NA,Male,11,NA,NA,NA,NA,A,NA,NA,NA,NA,NA,NA,0,0,0,1,1,0,2,0,0,143,0,0,26,65370,11084,0,5364,49,22,507,281,200,1428,0,1771,2273,1279,3620,1489,548,736,1023,1498,5178,45,442,1444,1135,408,528,1181,15,253,181,0,213,0,382,17,Daewook.76
Daewook.77,GTAGAGGTAGAG,CCGGACTACHVGGGTWTCTAAT,AZ,ASD_AZ,1,NA,0,1,Yes,NA,Male,9,NA,NA,NA,NA,A,NA,NA,NA,NA,NA,NA,2,0,2,0,0,2,6,4,40,14324,38,0,25,1815,163,30,73,4614,1045,272,0,4769,430,0,6,11377,1471,22422,5018,1726,1186,1414,418,169,0,527,288,1289,313,5883,0,17,8,38,5,0,0,39,12,Daewook.77
Daewook.78,ACGCGAACTAAT,CCGGACTACHVGGGTWTCTAAT,AZ,ASD_AZ,1,NA,0,1,Yes,NA,Male,13,NA,NA,NA,NA,A,NA,NA,NA,NA,NA,NA,0,0,2,1,2,1,6,2,10,38,10,0,108,13202,1747,0,5124,224,0,1008,13,0,123,0,89,1561,1003,3562,1989,1366,550,291,647,1062,36,2612,6657,7434,45,1451,593,0,83,452,2206,0,0,97,3523,Daewook.78
Daewook.79,TGGCAAATCTAG,CCGGACTACHVGGGTWTCTAAT,AZ,ASD_AZ,1,NA,0,1,Yes,NA,Male,14,NA,NA,NA,NA,A,NA,NA,NA,NA,NA,NA,2,0,2,0,2,0,6,4,85,4190,104,20,124,15392,1446,345,1080,624,183,1894,47,65,149,38,103,10165,625,3679,2111,10134,2495,96,4474,851,48,649,1373,7268,546,2530,46,9,42,79,815,39,0,5397,74,Daewook.79
Daewook.8,TATACCGCTGCG,CCGGACTACHVGGGTWTCTAAT,AZ,unrelatedControl_AZ,1,NA,0,0,No,NA,Male,13,NA,NA,NA,NA,A,NA,NA,NA,NA,NA,NA,0,0,0,0,0,0,0,0,25,13394,1445,39,15,7801,1054,376,282,51,1310,5665,1427,92,741,15,404,18943,841,16300,7647,4792,2709,649,4470,8305,9,1189,2209,6786,951,3818,52,42,17,0,21,13,151,88,59,Daewook.8
Daewook.80,AGTTGTAGTCCG,CCGGACTACHVGGGTWTCTAAT,AZ,ASD_AZ,1,NA,0,1,Yes,NA,Male,15,NA,NA,NA,NA,A,NA,NA,NA,NA,NA,NA,2,0,2,0,2,1,7,4,0,6836,199,21,10,18057,1201,54,3340,131,17,908,23,18,180,0,229,5576,1997,7199,2708,7068,537,111,509,328,0,391,1212,4400,170,7050,539,13,116,266,1372,225,0,602,11,Daewook.80
Daewook.81,CTGATCCATCTT,CCGGACTACHVGGGTWTCTAAT,AZ,ASD_AZ,1,NA,0,1,Yes,NA,Male,6,NA,NA,NA,NA,A,NA,NA,NA,NA,NA,NA,0,0,0,1,0,0,1,0,112,4074,251,16,1168,1719,1647,9,530,306,496,924,40,113,2626,7433,733,43093,1545,1167,6533,2741,1039,6677,1505,12658,0,12,1777,4670,527,1916,281,0,158,194,575,13,0,51,84640,Daewook.81
Daewook.82,GCGAGCGAAGTA,CCGGACTACHVGGGTWTCTAAT,AZ,ASD_AZ,1,NA,0,1,Yes,NA,Male,5,NA,NA,NA,NA,A,NA,NA,NA,NA,NA,NA,1,0,1,0,2,2,6,2,0,24,0,0,15,48835,0,0,7,143,0,26,69,0,184,0,598,6889,3074,8176,1381,81,4837,1149,523,1183,0,4,2420,2840,54,18,1431,100,206,283,1499,0,0,9,5,Daewook.82
Daewook.83,TACCGAAGGTAT,CCGGACTACHVGGGTWTCTAAT,AZ,ASD_AZ,1,NA,0,1,Yes,NA,Male,12,NA,NA,NA,NA,A,NA,NA,NA,NA,NA,NA,1,1,1,1,1,2,7,3,25,249,0,0,19,14160,1595,6,62,1597,0,792,14,0,59,0,288,7944,1714,11307,2343,10648,3237,19,143,105,18,2029,1035,2587,219,0,1111,157,96,265,0,0,0,198,9,Daewook.83
Daewook.9,TATCGACACAAG,CCGGACTACHVGGGTWTCTAAT,AZ,unrelatedControl_AZ,1,NA,0,0,No,NA,Male,6,NA,NA,NA,NA,A,NA,NA,NA,NA,NA,NA,0,0,0,0,0,0,0,0,65,4335,230,6,0,3286,1418,1677,175,477,113,821,9,818,407,0,138,9402,505,2208,4260,3866,3938,466,1034,1557,0,849,876,1881,181,1113,15,0,7,21,53,11,35,135,108,Daewook.9
stool.ASD.1.1,CGGTCAATTGAC,CCGGACTACHVGGGTWTCTAAT,CO,ASD_CO,1,1,0,1,Yes,NA,Male,2,less_than 1/month,less_than 1/month,less_than 1/month,1-2/month,A,0,0,0,1,1,1,0,0,0,NA,NA,NA,NA,0,0,925,15,0,24,15710,4513,9,572,371,7,1276,117,20,1844,0,37,1726,599,2875,478,5057,494,120,560,1238,14,0,1479,7223,66,396,479,0,53,19,0,0,0,31,488,stool.ASD.1.1
stool.ASD.12.1,TGTCGCAAATAG,CCGGACTACHVGGGTWTCTAAT,CO,ASD_CO,1,1,0,1,Yes,NA,Male,8,unsure,unsure,unsure,unsure,A,0,0,0,0,0,0,0,0,0,NA,NA,NA,NA,0,4,776,51,46,0,17970,3326,8035,4470,165,552,3284,3892,1199,686,0,237,2113,516,2919,842,5759,812,1886,3897,2919,16,1293,3257,8444,333,1379,228,35,14,86,1201,59,73,125,577,stool.ASD.12.1
stool.ASD.14.2,TGCATACACTGG,CCGGACTACHVGGGTWTCTAAT,CO,ASD_CO,1,2,4,1,Yes,NA,Male,9,less_than 1/month,less_than 1/month,3-4/month,less_than 1/month,A,0,0,3,0,3,3,0,1,0,NA,NA,NA,NA,1,0,45,44,11,6,7106,1182,13,1937,390,72,108,13,498,353,158,31,2419,596,1774,1218,6618,523,1149,7305,1320,7,482,351,19780,113,159,96,10,7,75,43,66,0,43,11,stool.ASD.14.2
stool.ASD.19.1,GCTCGAAGATTC,CCGGACTACHVGGGTWTCTAAT,CO,ASD_CO,1,1,0,1,Yes,NA,Male,8,missing,missing,missing,missing,B,missing,missing,missing,missing,missing,1,missing,missing,missing,NA,NA,NA,NA,1,5,2467,19,7,0,17782,3194,1711,1330,31,831,50,182,8,398,0,31,840,127,474,279,232,257,265,214,431,35,144,2956,5239,151,0,55,8,24,14,778,142,49,0,1799,stool.ASD.19.1
stool.ASD.22.2,GCGATATATCGC,CCGGACTACHVGGGTWTCTAAT,CO,ASD_CO,1,2,3.67,1,Yes,NA,Male,4,No,No,No,No,A,0,0,0,0,0,0,0,0,0,NA,NA,NA,NA,0,0,1022,183,11,8,8929,1221,12256,707,66,11,192,14,25,69,5404,11,859,752,1078,409,6767,393,124,337,2443,0,1259,359,627,56,536,0,0,8,1380,652,42,355,120,633,stool.ASD.22.2
stool.ASD.24.1,AACTAGTTCAGG,CCGGACTACHVGGGTWTCTAAT,CO,ASD_CO,1,1,0,1,Yes,NA,Male,5,No,No,No,No,A,0,0,0,0,0,0,0,0,0,NA,NA,NA,NA,0,0,1881,533,0,0,11233,522,1944,889,118,128,1578,25,235,368,198,246,2695,1049,8382,767,2978,275,595,600,1565,4,283,353,1242,70,487,22,0,8,5,139,36,0,0,7,stool.ASD.24.1
stool.ASD.25.2,ACCAGTGACTCA,CCGGACTACHVGGGTWTCTAAT,CO,ASD_CO,1,2,7,1,Yes,NA,Female,10,less_than 1/month,less_than 1/month,less_than 1/month,1-2/week,A,0,0,0,5,5,5,0,0,1,NA,NA,NA,NA,1,0,1428,5,19,14,16938,990,6,431,252,80,394,62,22,133,3,39,2149,547,2327,1755,7090,580,623,254,1213,14,123,1021,4568,211,3186,62,29,16,12,568,101,0,2,891,stool.ASD.25.2
stool.ASD.27.4,AGATTGACCAAC,CCGGACTACHVGGGTWTCTAAT,CO,ASD_CO,2,4,missing,1,Yes,NA,Male,6,1-2/month,3-4/month,3-4/month,3-4/month,A,1,3,3,3,10,10,0,1,1,NA,NA,NA,NA,2,5,1110,8,8,0,23330,2732,0,1928,105,156,5814,76,581,1945,0,36,1830,1024,4441,652,5720,318,1831,1124,2038,0,765,1548,5434,76,463,49,0,14,28,845,118,0,6,411,stool.ASD.27.4
stool.ASD.3.1A,GGTGACTAGTTC,CCGGACTACHVGGGTWTCTAAT,CO,ASD_CO,1,1,0,1,Yes,NA,Male,5,No,No,No,No,A,0,0,0,0,0,0,0,0,0,NA,NA,NA,NA,0,4,250,19,27,0,32961,31355,20,3193,120,95,879,37,23,1197,3101,146,1664,392,2143,366,1990,476,642,784,4037,0,20,6912,17955,54,23,90,41,45,31,306,142,0,24,694,stool.ASD.3.1A
stool.ASD.4.1,TGCAGTCCTCGA,CCGGACTACHVGGGTWTCTAAT,CO,ASD_CO,1,1,0,1,Yes,NA,Female,8,No,No,No,No,A,0,0,0,0,0,0,0,0,0,NA,NA,NA,NA,0,8,769,123,36,9,5556,166,906,5845,543,0,1175,91,235,573,77,152,2668,739,3774,2745,3347,2147,684,16918,3168,0,2362,3563,19384,247,513,82,8,35,52,0,0,0,905,4,stool.ASD.4.1
stool.ASD.6.2,CGTAAGATGCCT,CCGGACTACHVGGGTWTCTAAT,CO,ASD_CO,1,2,10.7,1,Yes,NA,Male,7,missing,missing,3-4/month,less_than 1/month,A,missing,missing,3,0,3,3,missing,1,0,NA,NA,NA,NA,1,0,28,50,17,8,13231,2810,16744,2165,117,30,17599,364,419,797,1048,1211,844,348,1753,775,2411,62,178,1806,8989,0,427,3941,4581,107,495,63,0,26,0,772,18,0,131,3230,stool.ASD.6.2
stool.ASD.7.2,GTGGAGTCTCAT,CCGGACTACHVGGGTWTCTAAT,CO,ASD_CO,1,2,2.97,1,Yes,NA,Male,11,1-2/month,3-4/month,1-2/month,1-2/week,A,1,3,1,5,10,10,0,0,1,NA,NA,NA,NA,1,0,156,22,14,5,18134,2936,0,2710,23,0,1832,68,103,402,0,51,1172,237,602,750,1659,999,85,3661,789,0,624,1227,48683,61,705,277,0,16,82,623,0,0,0,42,stool.ASD.7.2
stool.ASD.8.1,ATGGGTTCCGTC,CCGGACTACHVGGGTWTCTAAT,CO,ASD_CO,1,1,0,1,Yes,NA,Male,6,1-2/month,1-2/month,1-2/month,greater_than 3/week,A,1,1,1,10,13,13,0,0,2,NA,NA,NA,NA,2,10,168,0,21,20,60707,7780,8305,7131,111,49,873,122,25,0,0,760,1727,1477,580,1378,1109,562,74,629,402,26,116,3966,916,92,45,128,48,400,1219,3622,0,429,12,7189,stool.ASD.8.1
stool.control.13S.1B,GTGGTGGTTTCC,CCGGACTACHVGGGTWTCTAAT,CO,siblingControl_CO,1,1,0,0,No,Yes,Male,5,No,No,No,No,A,0,0,0,0,0,0,0,0,0,NA,NA,NA,NA,0,6,1884,16,34,10,9679,3537,15,3881,7,107,6845,829,129,277,190,279,2880,675,2238,553,2682,386,865,1280,4222,24,1830,3867,5831,261,783,146,17,41,50,324,89,0,27,2211,stool.control.13S.1B
stool.control.15S.2,GAGCCATCTGTA,CCGGACTACHVGGGTWTCTAAT,CO,siblingControl_CO,1,2,2.83,0,No,Yes,Female,6,less_than 1/month,less_than 1/month,less_than 1/month,1-2/week,A,0,0,0,5,5,5,0,0,1,NA,NA,NA,NA,1,2,1896,0,0,0,32597,0,7,3423,187,43,111,0,87,163,38,94,664,583,2102,92,1032,220,507,297,110,0,727,1393,1297,46,8,42,10,0,81,863,0,240,0,2482,stool.control.15S.2
stool.control.18S.1,AGGCTTACGTGT,CCGGACTACHVGGGTWTCTAAT,CO,siblingControl_CO,1,1,0,0,No,Yes,Male,3,missing,missing,missing,missing,B,missing,missing,missing,missing,missing,1,missing,missing,missing,NA,NA,NA,NA,0,13,1019,90,78,13,8721,327,27,947,149,1154,615,54,1156,1407,58,107,3816,429,3260,933,2321,1147,1197,399,511,0,260,1181,3545,220,313,37,15,16,514,79,0,0,49,1791,stool.control.18S.1
stool.control.26S.1,TAGGCATGCTTG,CCGGACTACHVGGGTWTCTAAT,CO,siblingControl_CO,1,1,0,0,No,Yes,Male,6,No,No,No,No,A,0,0,0,0,0,0,0,0,0,NA,NA,NA,NA,0,8,5372,13,37,28,20420,740,25,2784,287,429,2458,262,673,1192,0,135,1533,1334,3194,1492,5168,1106,1095,1876,3289,30,1415,2217,6341,292,459,96,3,21,71,159,58,0,0,776,stool.control.26S.1
stool.control.28S.2,GTAGATCGTGTA,CCGGACTACHVGGGTWTCTAAT,CO,siblingControl_CO,1,2,0,0,No,Yes,Female,3,less_than 1/month,less_than 1/month,1-2/month,less_than 1/month,A,0,0,1,0,1,1,0,0,0,NA,NA,NA,NA,0,0,422,27,0,37,7382,409,9,118,186,64,159,6,1384,1650,0,65,6496,1581,8279,2260,2786,2809,1438,597,2173,13,986,350,1363,98,5081,337,0,41,23,39,8,0,163,25,stool.control.28S.2
stool.control.29C.1,CGAGGGAAAGTC,CCGGACTACHVGGGTWTCTAAT,CO,unrelatedControl_CO,1,1,0,0,No,No,Male,4,No,No,No,No,A,0,0,0,0,0,0,0,0,0,NA,NA,NA,NA,0,16,3177,52,11,0,9586,1195,63,5429,98,41,2730,245,386,1512,0,614,4655,1019,3769,878,647,1097,790,3116,11517,31,37,1180,6093,249,636,1017,19,17,1099,154,0,2,16,579,stool.control.29C.1
stool.control.30C.4,ATGATGAGCCTC,CCGGACTACHVGGGTWTCTAAT,CO,unrelatedControl_CO,2,4,missing,0,No,No,Female,6,1-2/month,less_than 1/month,1-2/month,less_than 1/month,A,1,0,1,0,2,2,0,0,0,NA,NA,NA,NA,0,0,16,7,36,77,2558,2978,23010,667,7,0,414,4,0,123,0,339,2078,471,1679,712,1417,58,21,1313,725,0,221,277,1227,15,666,16,0,6,0,241,20,0,0,15,stool.control.30C.4
stool.control.31C.2,GAACACTTTGGA,CCGGACTACHVGGGTWTCTAAT,CO,unrelatedControl_CO,1,2,5.9,0,No,No,Male,5,blank,blank,blank,blank,A,0,0,0,0,0,0,0,0,0,NA,NA,NA,NA,0,7,530,0,54,0,7320,2317,10,1400,321,557,5168,500,1173,2451,1338,2118,6800,2142,5346,1615,14730,669,1779,2438,1391,0,677,1793,6112,301,1628,23,58,20,177,153,9,0,14,626,stool.control.31C.2
stool.control.32C.2.run2,GTCGACAGAGGA,CCGGACTACHVGGGTWTCTAAT,CO,unrelatedControl_CO,2,2,5.47,0,No,No,Female,6,1-2/month,less_than 1/month,less_than 1/month,less_than 1/month,A,1,0,0,0,1,1,0,0,0,NA,NA,NA,NA,0,2,9,36,35,0,14574,915,0,1100,63,118,4901,227,13,1007,0,77,1465,343,2768,205,2795,143,463,294,4181,0,308,2150,7313,78,450,6,0,0,31,698,8,0,0,238,stool.control.32C.2.run2
stool.control.34C.1,GTCGACAGAGGA,CCGGACTACHVGGGTWTCTAAT,CO,unrelatedControl_CO,1,1,0,0,No,No,Female,5,No,No,No,No,A,0,0,0,0,0,0,0,0,0,NA,NA,NA,NA,0,0,173,5,40,20,21513,6389,5,3321,155,1457,989,708,62,530,0,91,1264,353,1003,536,1871,298,391,1551,2063,0,740,1559,1940,92,711,38,0,30,11,1171,53,0,353,13,stool.control.34C.1
stool.control.35C.1A,CTCACCTAGGAA,CCGGACTACHVGGGTWTCTAAT,CO,unrelatedControl_CO,1,1,0,0,No,No,Female,8,No,No,No,No,A,0,0,0,0,0,0,0,0,0,NA,NA,NA,NA,0,13,618,0,39,0,13838,509,0,1074,817,156,1647,111,84,952,0,23,4459,915,4007,1733,6359,413,219,485,1181,6,220,1374,3802,183,3590,292,0,22,222,711,66,0,0,371,stool.control.35C.1A
stool.control.36C.1,AGTCGTGCACAT,CCGGACTACHVGGGTWTCTAAT,CO,unrelatedControl_CO,1,1,0,0,No,No,Male,9,No,No,No,No,A,0,0,0,0,0,0,0,0,0,NA,NA,NA,NA,0,4,461,66,0,0,8608,1644,29439,255,255,0,714,20,23,355,0,135,3105,205,1304,962,3599,555,159,947,733,0,574,1646,642,103,571,45,0,6,2,2728,78,163,0,0,stool.control.36C.1
stool.control.37C.1,ACCATAGCTCCG,CCGGACTACHVGGGTWTCTAAT,CO,unrelatedControl_CO,1,1,0,0,No,No,Female,8,No,No,No,No,A,0,0,0,0,0,0,0,0,0,NA,NA,NA,NA,0,0,6780,177,18,0,2323,2008,4446,3,382,55,533,36,6740,1254,0,146,3671,871,7857,2050,10430,439,1867,493,1678,0,954,2833,3071,183,266,89,28,54,26,208,53,132,0,8,stool.control.37C.1
stool.control.38C.2A,AGCATGTCCCGT,CCGGACTACHVGGGTWTCTAAT,CO,unrelatedControl_CO,1,2,3.17,0,No,No,Male,5,No,No,No,No,A,0,0,0,0,0,0,0,0,0,NA,NA,NA,NA,0,0,177,163,10,0,12709,3985,3001,6250,38,93,3999,159,58,639,10,93,3776,1160,5338,1073,1230,320,277,454,4529,11,2555,3326,4278,303,1872,163,3,14,38,1333,223,0,8,4938,stool.control.38C.2A
stool.control.39C.3,GTCGTGTAGCCT,CCGGACTACHVGGGTWTCTAAT,CO,unrelatedControl_CO,2,3,missing,0,No,No,Male,6,No,No,No,No,A,0,0,0,0,0,0,0,0,0,NA,NA,NA,NA,0,0,49,7,0,0,4566,1109,18694,668,211,9,946,301,95,576,0,386,1110,282,1876,318,1157,813,1046,765,250,0,395,929,971,59,222,30,0,10,4,77,19,0,1114,193,stool.control.39C.3
stool.control.40C.4,GAGCCATCTGTA,CCGGACTACHVGGGTWTCTAAT,CO,unrelatedControl_CO,2,4,missing,0,No,No,Female,8,less_than 1/month,less_than 1/month,1-2/month,less_than 1/month,A,0,0,1,0,1,1,0,0,0,NA,NA,NA,NA,0,0,0,40,0,18,4432,1811,24574,1958,45,4,517,14,0,70,0,655,4086,292,3149,679,626,329,19,1639,2994,0,345,1208,168,90,426,44,0,0,103,484,236,7,0,256,stool.control.40C.4