#SampleID,BarcodeSequence,LinkerPrimerSequence,Cohort,sub_cohort,Run,Time_point,Time_From_First_Sample_Months,ASD_numbered,ASD,ASD_Sibling,Gender,Age_In_Years,Abdominal_Pain,Bloating,Loose_Stool,Constipation,GI_questionniare_group,UCD_Abdominal_Pain_subScore,UCD_Bloating_subScore,UCD_Loose_Stool_Diarrhea_subScore,UCD_Constipation_subScore,UCD_total_GI_Score,UCD_total_GI_Scores_all_integers,ASU_ranking_Abdominal_Pain_subScore,ASU_ranking_Loose_Stool_Diarrhea_subScore,ASU_ranking_Constipation_subScore,ASU_consistency_subScore,ASU_smell_subScore,ASU_flatulence_subScore,ASU_total_GI_Score,ConstipationDiarrheaAbdominalPain_GI_Score,k__Bacteria;p__Actinobacteria;c__Actinobacteria;o__Bifidobacteriales;f__Bifidobacteriaceae;g__Bifidobacterium,k__Bacteria;p__Actinobacteria;c__Coriobacteriia;o__Coriobacteriales;f__Coriobacteriaceae;g__,k__Bacteria;p__Actinobacteria;c__Coriobacteriia;o__Coriobacteriales;f__Coriobacteriaceae;g__Collinsella,k__Bacteria;p__Actinobacteria;c__Coriobacteriia;o__Coriobacteriales;f__Coriobacteriaceae;g__Eggerthella,k__Bacteria;p__Bacteroidetes;c__Bacteroidia;o__Bacteroidales;f__Bacteroidaceae;g__Bacteroides,k__Bacteria;p__Bacteroidetes;c__Bacteroidia;o__Bacteroidales;f__Porphyromonadaceae;g__Parabacteroides,k__Bacteria;p__Bacteroidetes;c__Bacteroidia;o__Bacteroidales;f__Prevotellaceae;g__Prevotella,k__Bacteria;p__Bacteroidetes;c__Bacteroidia;o__Bacteroidales;f__Rikenellaceae;g__Alistipes,k__Bacteria;p__Firmicutes;c__Bacilli;o__Lactobacillales;f__Streptococcaceae;g__Streptococcus,k__Bacteria;p__Firmicutes;c__Bacilli;o__Turicibacterales;f__Turicibacteraceae;g__Turicibacter,k__Bacteria;p__Firmicutes;c__Clostridia;o__Clostridiales;__;__,k__Bacteria;p__Firmicutes;c__Clostridia;o__Clostridiales;f__;g__,k__Bacteria;p__Firmicutes;c__Clostridia;o__Clostridiales;f__Christensenellaceae;g__,k__Bacteria;p__Firmicutes;c__Clostridia;o__Clostridiales;f__Clostridiaceae;g__,k__Bacteria;p__Firmicutes;c__Clostridia;o__Clostridiales;f__Clostridiaceae;g__Clostridium,k__Bacteria;p__Firmicutes;c__Clostridia;o__Clostridiales;f__Clostridiaceae;g__Sarcina,k__Bacteria;p__Firmicutes;c__Clostridia;o__Clostridiales;f__Lachnospiraceae;__,k__Bacteria;p__Firmicutes;c__Clostridia;o__Clostridiales;f__Lachnospiraceae;g__,k__Bacteria;p__Firmicutes;c__Clostridia;o__Clostridiales;f__Lachnospiraceae;g__Anaerostipes,k__Bacteria;p__Firmicutes;c__Clostridia;o__Clostridiales;f__Lachnospiraceae;g__Blautia,k__Bacteria;p__Firmicutes;c__Clostridia;o__Clostridiales;f__Lachnospiraceae;g__Clostridium,k__Bacteria;p__Firmicutes;c__Clostridia;o__Clostridiales;f__Lachnospiraceae;g__Coprococcus,k__Bacteria;p__Firmicutes;c__Clostridia;o__Clostridiales;f__Lachnospiraceae;g__Dorea,k__Bacteria;p__Firmicutes;c__Clostridia;o__Clostridiales;f__Lachnospiraceae;g__Lachnospira,k__Bacteria;p__Firmicutes;c__Clostridia;o__Clostridiales;f__Lachnospiraceae;g__Roseburia,k__Bacteria;p__Firmicutes;c__Clostridia;o__Clostridiales;f__Lachnospiraceae;g__[Ruminococcus],k__Bacteria;p__Firmicutes;c__Clostridia;o__Clostridiales;f__Peptostreptococcaceae;__,k__Bacteria;p__Firmicutes;c__Clostridia;o__Clostridiales;f__Ruminococcaceae;__,k__Bacteria;p__Firmicutes;c__Clostridia;o__Clostridiales;f__Ruminococcaceae;g__,k__Bacteria;p__Firmicutes;c__Clostridia;o__Clostridiales;f__Ruminococcaceae;g__Faecalibacterium,k__Bacteria;p__Firmicutes;c__Clostridia;o__Clostridiales;f__Ruminococcaceae;g__Gemmiger,k__Bacteria;p__Firmicutes;c__Clostridia;o__Clostridiales;f__Ruminococcaceae;g__Oscillospira,k__Bacteria;p__Firmicutes;c__Clostridia;o__Clostridiales;f__Ruminococcaceae;g__Ruminococcus,k__Bacteria;p__Firmicutes;c__Clostridia;o__Clostridiales;f__[Mogibacteriaceae];g__,k__Bacteria;p__Firmicutes;c__Erysipelotrichi;o__Erysipelotrichales;f__Erysipelotrichaceae;g__,k__Bacteria;p__Firmicutes;c__Erysipelotrichi;o__Erysipelotrichales;f__Erysipelotrichaceae;g__Clostridium,k__Bacteria;p__Firmicutes;c__Erysipelotrichi;o__Erysipelotrichales;f__Erysipelotrichaceae;g__Holdemania,k__Bacteria;p__Firmicutes;c__Erysipelotrichi;o__Erysipelotrichales;f__Erysipelotrichaceae;g__[Eubacterium],k__Bacteria;p__Proteobacteria;c__Betaproteobacteria;o__Burkholderiales;f__Alcaligenaceae;g__Sutterella,k__Bacteria;p__Proteobacteria;c__Gammaproteobacteria;o__Enterobacteriales;f__Enterobacteriaceae;__,k__Bacteria;p__Verrucomicrobia;c__Verrucomicrobiae;o__Verrucomicrobiales;f__Verrucomicrobiaceae;g__Akkermansia,Description
Daewook.1,CCACAGATCGAT,CCGGACTACHVGGGTWTCTAAT,AZ,unrelatedControl_AZ,1,NA,0,0,No,NA,Male,12,NA,NA,NA,NA,A,NA,NA,NA,NA,NA,NA,0,0,0,0,0,0,0,0,188,5,4,0,807,232,17,103,8,1,45,325,255,0,20,0,26,92,13,247,77,468,61,107,298,45,3,221,286,327,52,186,429,15,112,3,0,2,18,99,244,Daewook.1
Daewook.10,TGCGCTGAATGT,CCGGACTACHVGGGTWTCTAAT,AZ,unrelatedControl_AZ,1,NA,0,0,No,NA,Male,4,NA,NA,NA,NA,A,NA,NA,NA,NA,NA,NA,0,0,0,0,0,0,0,0,523,15,0,0,192,64,397,5,22,2,34,151,51,52,140,0,27,155,5,635,48,464,248,20,608,227,25,178,535,619,45,178,295,16,114,1,3,0,1,2,6,Daewook.10
Daewook.11,TGGAGTAGGTGG,CCGGACTACHVGGGTWTCTAAT,AZ,unrelatedControl_AZ,1,NA,0,0,No,NA,Male,5,NA,NA,NA,NA,A,NA,NA,NA,NA,NA,NA,0,0,0,0,0,0,0,0,1386,3,0,19,173,6,0,8,25,28,124,13,1,7,38,0,2,182,5,430,9,972,392,14,22,553,162,53,47,134,5,74,354,25,59,73,21,36,5,613,201,Daewook.11
Daewook.12,ACCGGTATGTAC,CCGGACTACHVGGGTWTCTAAT,AZ,unrelatedControl_AZ,1,NA,0,0,No,NA,Male,6,NA,NA,NA,NA,A,NA,NA,NA,NA,NA,NA,0,0,0,0,0,0,0,0,1200,3,0,9,416,1,2,13,65,114,257,1,1,0,157,0,2,4,0,404,82,414,75,1,140,43,243,32,440,89,8,23,417,15,116,6,0,32,0,1521,18,Daewook.12
Daewook.13,CAAACAACAGCT,CCGGACTACHVGGGTWTCTAAT,AZ,unrelatedControl_AZ,1,NA,0,0,No,NA,Male,3,NA,NA,NA,NA,A,NA,NA,NA,NA,NA,NA,0,0,0,0,0,0,0,0,415,1,0,8,2153,106,3,64,31,22,70,39,1,0,15,0,9,23,0,339,139,66,480,4,342,256,64,42,174,90,51,56,191,3,148,2,0,90,2,765,13,Daewook.13
Daewook.14,TTGCGTTAGCAG,CCGGACTACHVGGGTWTCTAAT,AZ,unrelatedControl_AZ,1,NA,0,0,No,NA,Female,14,NA,NA,NA,NA,A,NA,NA,NA,NA,NA,NA,0,0,1,0,0,0,1,1,1117,6,0,0,553,169,4,98,27,11,342,113,194,0,116,0,7,66,11,646,16,534,138,4,291,57,63,455,128,56,25,186,176,28,154,4,13,5,18,0,297,Daewook.14
Daewook.15,TGTGAATTCGGA,CCGGACTACHVGGGTWTCTAAT,AZ,unrelatedControl_AZ,1,NA,0,0,No,NA,Female,4,NA,NA,NA,NA,A,NA,NA,NA,NA,NA,NA,0,0,1,0,0,0,1,1,9,0,0,0,602,43,119,31,17,2,2,510,0,0,70,0,5,142,19,126,49,173,59,18,423,43,9,45,632,580,414,693,191,26,3,18,2,0,15,1,166,Daewook.15
Daewook.16,AGTTGAGGCATT,CCGGACTACHVGGGTWTCTAAT,AZ,unrelatedControl_AZ,1,NA,0,0,No,NA,Female,4,NA,NA,NA,NA,A,NA,NA,NA,NA,NA,NA,0,0,1,0,0,0,1,1,407,14,0,5,972,357,1,276,14,51,227,44,13,88,90,0,20,13,3,534,49,616,106,1,199,63,183,107,125,237,32,138,435,28,229,16,2,26,1,213,319,Daewook.16
Daewook.17,GATTCCGGCTCA,CCGGACTACHVGGGTWTCTAAT,AZ,unrelatedControl_AZ,1,NA,0,0,No,NA,Male,15,NA,NA,NA,NA,A,NA,NA,NA,NA,NA,NA,0,0,1,0,0,0,1,1,21,3,3,1,307,30,0,75,6,3,47,589,46,0,61,0,11,230,1,253,42,275,70,3,371,234,2,1019,558,496,12,1043,262,26,176,31,5,9,6,34,12,Daewook.17
Daewook.18,ATGGCTGTCAGT,CCGGACTACHVGGGTWTCTAAT,AZ,unrelatedControl_AZ,1,NA,0,0,No,NA,Male,8,NA,NA,NA,NA,A,NA,NA,NA,NA,NA,NA,0,0,0,0,0,1,1,0,36,3,0,7,573,72,3,19,4,2,108,3,0,0,17,0,4,15,0,129,44,40,47,0,11,9,9,35,4,11,25,5,15,4,12,8,12,1,0,4974,84,Daewook.18
Daewook.19,TTGGCTCTATTC,CCGGACTACHVGGGTWTCTAAT,AZ,unrelatedControl_AZ,1,NA,0,0,No,NA,Male,16,NA,NA,NA,NA,A,NA,NA,NA,NA,NA,NA,0,0,0,1,1,0,2,0,1892,7,0,0,43,8,0,3,63,13,95,49,0,3,74,0,5,34,1,883,322,713,386,3,90,128,108,24,24,47,100,26,67,29,621,7,0,0,0,15,0,Daewook.19
Daewook.2,TAGTATGCGCAA,CCGGACTACHVGGGTWTCTAAT,AZ,unrelatedControl_AZ,1,NA,0,0,No,NA,Male,13,NA,NA,NA,NA,A,NA,NA,NA,NA,NA,NA,0,0,0,0,0,0,0,0,450,0,13,1,1627,176,0,107,16,9,23,64,1,0,88,0,2,82,12,521,21,651,255,0,257,99,92,36,31,629,167,78,174,24,195,0,2,1,58,114,302,Daewook.2
Daewook.20,AATTGTGTCGGA,CCGGACTACHVGGGTWTCTAAT,AZ,unrelatedControl_AZ,1,NA,0,0,No,NA,Male,10,NA,NA,NA,NA,A,NA,NA,NA,NA,NA,NA,1,0,0,0,0,2,3,1,329,28,0,2,36,3,9,61,13,3,14,119,118,45,95,0,9,59,3,1100,74,724,345,35,44,148,21,268,112,433,47,37,1176,41,433,104,0,68,1,1,226,Daewook.20
Daewook.21,GCAACACCATCC,CCGGACTACHVGGGTWTCTAAT,AZ,ASD_AZ,1,NA,0,1,Yes,NA,Male,6,NA,NA,NA,NA,A,NA,NA,NA,NA,NA,NA,0,0,0,0,1,0,1,0,853,0,0,8,376,118,1,153,136,16,190,0,0,31,299,29,7,35,0,1337,72,707,10,0,371,81,213,24,12,260,200,37,196,27,230,30,2,0,318,22,0,Daewook.21
Daewook.22,TACGAGCCCTAA,CCGGACTACHVGGGTWTCTAAT,AZ,ASD_AZ,1,NA,0,1,Yes,NA,Male,5,NA,NA,NA,NA,A,NA,NA,NA,NA,NA,NA,1,0,0,0,0,1,2,1,167,0,0,0,1484,101,187,169,10,7,89,159,7,24,51,37,29,105,7,268,42,281,70,43,199,69,97,162,159,671,75,146,540,20,83,26,6,29,96,121,168,Daewook.22
Daewook.23,CATTCGTGGCGT,CCGGACTACHVGGGTWTCTAAT,AZ,ASD_AZ,1,NA,0,1,Yes,NA,Male,8,NA,NA,NA,NA,A,NA,NA,NA,NA,NA,NA,1,0,0,1,0,0,2,1,336,0,0,7,1044,7,5,172,17,169,252,41,6,4,13,0,13,36,2,700,38,550,192,2,393,88,144,47,210,365,23,54,433,68,558,47,5,7,2,1,339,Daewook.23
Daewook.24,ACAATAGACACC,CCGGACTACHVGGGTWTCTAAT,AZ,ASD_AZ,1,NA,0,1,Yes,NA,Male,11,NA,NA,NA,NA,A,NA,NA,NA,NA,NA,NA,0,0,1,0,0,1,2,1,160,0,8,2,1298,116,3,307,15,3,56,50,7,0,149,0,31,125,8,638,216,247,120,35,118,122,4,87,191,174,99,332,938,11,359,14,2,3,5,12,48,Daewook.24
Daewook.25,CGTAATTGCCGC,CCGGACTACHVGGGTWTCTAAT,AZ,ASD_AZ,1,NA,0,1,Yes,NA,Male,11,NA,NA,NA,NA,A,NA,NA,NA,NA,NA,NA,0,0,1,0,0,1,2,1,341,6,0,14,336,716,7,77,17,11,131,281,110,4,32,0,23,34,3,625,107,334,78,5,49,39,155,85,258,109,17,187,297,32,30,141,1,52,0,49,844,Daewook.25
Daewook.26,GTTCTCTTCTCG,CCGGACTACHVGGGTWTCTAAT,AZ,ASD_AZ,1,NA,0,1,Yes,NA,Male,9,NA,NA,NA,NA,A,NA,NA,NA,NA,NA,NA,0,0,0,1,1,1,3,0,54,6,7,11,722,58,1,36,33,89,254,261,41,48,228,0,15,23,0,51,4,206,66,0,6,19,209,144,122,49,4,64,412,62,818,69,12,10,2,21,1,Daewook.26
Daewook.27,TACCGCTTCTTC,CCGGACTACHVGGGTWTCTAAT,AZ,ASD_AZ,1,NA,0,1,Yes,NA,Male,6,NA,NA,NA,NA,A,NA,NA,NA,NA,NA,NA,0,0,1,0,0,2,3,1,94,12,0,0,2846,395,0,44,1,3,101,19,15,26,1,0,36,33,2,117,12,120,39,40,679,123,82,34,9,354,0,77,318,58,306,19,4,1,58,243,0,Daewook.27
Daewook.28,GCACACCTGATA,CCGGACTACHVGGGTWTCTAAT,AZ,ASD_AZ,1,NA,0,1,Yes,NA,Male,6,NA,NA,NA,NA,A,NA,NA,NA,NA,NA,NA,1,0,1,1,1,0,4,2,136,3,0,4,2727,75,0,339,10,1,6,26,25,1,16,0,43,48,16,257,46,235,98,5,87,218,25,87,101,606,0,177,196,23,3,248,5,81,12,4,459,Daewook.28
Daewook.29,AGTAGCGGAAGA,CCGGACTACHVGGGTWTCTAAT,AZ,ASD_AZ,1,NA,0,1,Yes,NA,Male,4,NA,NA,NA,NA,A,NA,NA,NA,NA,NA,NA,0,0,0,2,0,2,4,0,0,0,0,46,1212,196,0,0,26,2,21,0,0,3,221,0,41,44,16,1729,62,177,126,3,340,86,5,103,63,339,322,56,209,0,803,49,8,8,118,0,0,Daewook.29
Daewook.3,AGCAGAACATCT,CCGGACTACHVGGGTWTCTAAT,AZ,unrelatedControl_AZ,1,NA,0,0,No,NA,Male,5,NA,NA,NA,NA,A,NA,NA,NA,NA,NA,NA,0,0,0,0,0,0,0,0,50,4,0,9,556,68,64,45,50,17,20,114,39,0,46,0,68,57,3,207,57,184,55,10,151,108,9,125,251,367,57,67,1641,409,164,4,30,2,13,193,130,Daewook.3
Daewook.30,TCCTCGAGCGAT,CCGGACTACHVGGGTWTCTAAT,AZ,ASD_AZ,1,NA,0,1,Yes,NA,Female,4,NA,NA,NA,NA,A,NA,NA,NA,NA,NA,NA,0,0,2,1,2,0,5,2,124,0,0,0,340,155,106,0,0,0,46,0,0,0,8,112,0,94,0,200,0,0,74,0,44,0,7,45,0,471,98,0,10,0,204,0,0,0,5,69,72,Daewook.30
Daewook.31,TTAGAGCCATGC,CCGGACTACHVGGGTWTCTAAT,AZ,ASD_AZ,1,NA,0,1,Yes,NA,Male,5,NA,NA,NA,NA,A,NA,NA,NA,NA,NA,NA,1,0,0,1,1,2,5,1,1479,1,20,191,143,17,1,12,206,5,24,9,0,16,181,0,5,39,2,776,9,1291,98,5,179,92,121,33,39,22,44,39,181,83,1,166,0,6,0,88,840,Daewook.31
Daewook.32,TCGTGCGTGTTG,CCGGACTACHVGGGTWTCTAAT,AZ,ASD_AZ,1,NA,0,1,Yes,NA,Male,4,NA,NA,NA,NA,A,NA,NA,NA,NA,NA,NA,1,0,1,0,2,2,6,2,25,3,42,13,77,24,6,16,19,180,346,120,15,823,65,0,8,21,1,419,14,746,121,4,32,209,572,50,95,333,12,51,303,82,495,89,4,34,1,3,816,Daewook.32
Daewook.33,TTAAGACAGTCG,CCGGACTACHVGGGTWTCTAAT,AZ,ASD_AZ,1,NA,0,1,Yes,NA,Female,5,NA,NA,NA,NA,A,NA,NA,NA,NA,NA,NA,1,0,2,1,1,1,6,3,0,0,13,9,1275,329,0,384,29,33,120,25,3,0,18,0,38,73,0,1000,68,271,17,0,407,113,56,35,53,751,42,190,237,11,0,17,4,20,247,12,25,Daewook.33
Daewook.34,GTGCAACCAATC,CCGGACTACHVGGGTWTCTAAT,AZ,ASD_AZ,1,NA,0,1,Yes,NA,Male,4,NA,NA,NA,NA,A,NA,NA,NA,NA,NA,NA,1,0,1,1,2,1,6,2,490,11,7,43,1008,104,0,84,11,0,52,35,18,17,53,0,31,13,14,455,9,785,13,16,273,129,58,279,132,565,0,277,658,34,118,66,10,5,78,12,10,Daewook.34
Daewook.35,TGTGCGATAACA,CCGGACTACHVGGGTWTCTAAT,AZ,ASD_AZ,1,NA,0,1,Yes,NA,Male,3,NA,NA,NA,NA,A,NA,NA,NA,NA,NA,NA,1,1,2,1,1,1,7,4,86,0,0,53,2130,0,0,0,289,6,198,3,0,7,41,0,10,0,0,436,12,78,215,4,3,114,46,9,1,3,0,231,43,0,0,188,0,454,0,846,529,Daewook.35
Daewook.36,GCGACAATTACA,CCGGACTACHVGGGTWTCTAAT,AZ,ASD_AZ,1,NA,0,1,Yes,NA,Male,7,NA,NA,NA,NA,A,NA,NA,NA,NA,NA,NA,2,0,2,0,2,1,7,4,412,3,15,26,661,13,0,254,6,15,119,73,30,54,36,0,26,58,5,339,30,480,117,1,84,96,66,87,156,41,60,178,1089,138,15,83,4,2,0,416,1120,Daewook.36
Daewook.37,GCAATTAGGTAC,CCGGACTACHVGGGTWTCTAAT,AZ,ASD_AZ,1,NA,0,1,Yes,NA,Male,11,NA,NA,NA,NA,A,NA,NA,NA,NA,NA,NA,2,0,1,0,2,2,7,3,0,8,150,39,59,5,0,2,99,8,56,7,5,56,324,0,10,8,0,198,2,431,68,1,10,184,112,63,351,1188,0,7,1199,30,242,4,0,15,0,8,2,Daewook.37
Daewook.38,ACCCAAGCGTTA,CCGGACTACHVGGGTWTCTAAT,AZ,ASD_AZ,1,NA,0,1,Yes,NA,Male,9,NA,NA,NA,NA,A,NA,NA,NA,NA,NA,NA,1,1,1,1,2,2,8,3,1452,2,0,16,549,81,0,12,553,0,25,10,0,0,9,0,5,19,0,849,77,796,400,1,86,44,5,10,2,65,120,41,16,3,5,103,5,12,5,1057,0,Daewook.38
Daewook.39,TGAACCCTATGG,CCGGACTACHVGGGTWTCTAAT,AZ,ASD_AZ,1,NA,0,1,Yes,NA,Male,9,NA,NA,NA,NA,A,NA,NA,NA,NA,NA,NA,1,1,2,1,1,2,8,4,4,4,9,38,1193,89,0,197,10,8,3,41,0,1,62,38,7,39,4,164,43,53,38,1,320,58,55,31,913,1046,366,153,767,11,4,17,0,1,52,3,326,Daewook.39
Daewook.4,TACAGCGCATAC,CCGGACTACHVGGGTWTCTAAT,AZ,unrelatedControl_AZ,1,NA,0,0,No,NA,Male,12,NA,NA,NA,NA,A,NA,NA,NA,NA,NA,NA,0,0,0,0,0,0,0,0,263,61,0,4,619,58,0,27,69,67,309,101,9,123,10,0,14,41,4,516,9,802,227,3,450,182,74,234,231,174,59,135,940,44,164,79,15,10,5,6,40,Daewook.4
Daewook.40,GTTATCGCATGG,CCGGACTACHVGGGTWTCTAAT,AZ,unrelatedControl_AZ,1,NA,0,0,No,NA,Male,9,NA,NA,NA,NA,A,NA,NA,NA,NA,NA,NA,0,0,0,0,0,0,0,0,61,4,3,1,2917,147,4,15,3,0,3,45,0,10,7,0,15,184,17,384,118,242,111,30,389,102,6,41,12,554,176,48,171,0,287,7,0,2,89,1,113,Daewook.40
Daewook.42,GCTTGAGCTTGA,CCGGACTACHVGGGTWTCTAAT,AZ,unrelatedControl_AZ,1,NA,0,0,No,NA,Female,8,NA,NA,NA,NA,A,NA,NA,NA,NA,NA,NA,0,0,0,0,0,0,0,0,62,3,0,0,713,22,444,84,4,71,125,279,13,513,107,0,25,125,39,185,182,185,184,22,220,113,139,238,167,437,32,155,313,21,112,31,2,272,6,7,205,Daewook.42
Daewook.43,GATTATCGACGA,CCGGACTACHVGGGTWTCTAAT,AZ,unrelatedControl_AZ,1,NA,0,0,No,NA,Male,6,NA,NA,NA,NA,A,NA,NA,NA,NA,NA,NA,0,0,0,0,0,0,0,0,110,17,0,3,463,63,275,41,63,61,101,54,0,6,172,0,27,250,5,489,127,601,363,10,118,57,244,39,147,1182,16,59,241,47,624,109,5,11,1,60,0,Daewook.43
Daewook.44,TCATGCTCCATT,CCGGACTACHVGGGTWTCTAAT,AZ,unrelatedControl_AZ,1,NA,0,0,No,NA,Male,9,NA,NA,NA,NA,A,NA,NA,NA,NA,NA,NA,0,0,0,0,0,0,0,0,73,1,3,0,473,235,41,225,4,1,27,215,101,64,31,0,37,197,9,322,77,400,81,56,83,64,8,48,665,364,116,162,319,15,281,11,0,4,26,8,510,Daewook.44
Daewook.45,CATACCGTGAGT,CCGGACTACHVGGGTWTCTAAT,AZ,unrelatedControl_AZ,1,NA,0,0,No,NA,Male,6,NA,NA,NA,NA,A,NA,NA,NA,NA,NA,NA,0,0,0,0,0,0,0,0,657,15,95,14,50,1,67,16,65,53,179,59,2,172,66,0,6,200,1,1389,82,792,245,2,222,222,72,190,99,138,393,38,266,76,418,54,1,5,0,0,7,Daewook.45
Daewook.46,TGCAGCAAGATT,CCGGACTACHVGGGTWTCTAAT,AZ,unrelatedControl_AZ,1,NA,0,0,No,NA,Female,4,NA,NA,NA,NA,A,NA,NA,NA,NA,NA,NA,1,0,2,1,1,0,5,3,372,1,20,1,1861,145,1,124,38,24,26,327,25,42,32,0,1,35,8,181,87,273,59,18,216,103,44,54,343,180,332,93,862,15,79,4,1,4,9,90,77,Daewook.46
Daewook.47,AGAGTCTTGCCA,CCGGACTACHVGGGTWTCTAAT,AZ,unrelatedControl_AZ,1,NA,0,0,No,NA,Male,6,NA,NA,NA,NA,A,NA,NA,NA,NA,NA,NA,0,0,2,0,0,0,2,2,129,12,1,0,283,66,600,123,1,18,122,487,126,79,43,0,6,69,35,158,35,158,50,5,96,23,62,55,657,408,102,258,1014,19,149,18,2,1,26,231,64,Daewook.47
Daewook.48,GATCACGAGAGG,CCGGACTACHVGGGTWTCTAAT,AZ,unrelatedControl_AZ,1,NA,0,0,No,NA,Male,7,NA,NA,NA,NA,A,NA,NA,NA,NA,NA,NA,0,0,0,0,0,0,0,0,70,1,5,0,593,280,1969,200,12,8,24,474,2,41,49,1,3,154,16,118,69,166,37,23,299,22,26,54,235,572,65,128,431,6,71,3,0,1,38,1,34,Daewook.48
Daewook.5,CAGCTCATCAGC,CCGGACTACHVGGGTWTCTAAT,AZ,unrelatedControl_AZ,1,NA,0,0,No,NA,Male,4,NA,NA,NA,NA,A,NA,NA,NA,NA,NA,NA,0,0,0,0,0,0,0,0,25,51,0,22,270,8,3,7,247,150,160,108,4,29,276,0,51,62,5,342,83,471,104,0,90,174,323,29,627,53,12,71,567,74,1077,40,1,13,5,3,495,Daewook.5
Daewook.51,GCCTAGCCCAAT,CCGGACTACHVGGGTWTCTAAT,AZ,unrelatedControl_AZ,1,NA,0,0,No,NA,Male,9,NA,NA,NA,NA,A,NA,NA,NA,NA,NA,NA,0,0,0,0,0,0,0,0,338,1,1,0,270,15,267,11,103,4,103,28,0,199,133,0,10,253,3,515,224,610,358,8,547,104,109,157,6,598,43,22,13,4,107,0,0,100,22,2,1,Daewook.51
Daewook.52,AGCTGTCAAGCT,CCGGACTACHVGGGTWTCTAAT,AZ,unrelatedControl_AZ,1,NA,0,0,No,NA,Male,9,NA,NA,NA,NA,A,NA,NA,NA,NA,NA,NA,0,0,1,0,0,1,2,1,137,0,0,0,1110,2,0,144,36,4,92,18,10,67,86,0,5,127,8,261,103,548,103,47,908,88,332,98,47,750,89,79,567,15,112,18,2,14,57,6,6,Daewook.52
Daewook.53,ATGTGTGTAGAC,CCGGACTACHVGGGTWTCTAAT,AZ,unrelatedControl_AZ,1,NA,0,0,No,NA,Male,12,NA,NA,NA,NA,A,NA,NA,NA,NA,NA,NA,1,0,0,0,1,2,4,1,601,1,0,3,1098,25,0,236,17,0,10,193,3,133,34,0,4,213,4,270,173,277,92,13,1005,49,13,87,274,952,101,81,340,13,63,9,2,14,3,0,2,Daewook.53
Daewook.54,AGCAACATTGCA,CCGGACTACHVGGGTWTCTAAT,AZ,unrelatedControl_AZ,1,NA,0,0,No,NA,Female,16,NA,NA,NA,NA,A,NA,NA,NA,NA,NA,NA,1,0,2,0,0,1,4,3,636,2,60,6,1672,261,6,209,984,13,28,1,4,0,190,0,87,15,0,409,14,373,56,0,40,132,3,123,62,227,76,95,202,23,17,5,5,125,1,80,0,Daewook.54
Daewook.55,ACAACACTCCGA,CCGGACTACHVGGGTWTCTAAT,AZ,unrelatedControl_AZ,1,NA,0,0,No,NA,Female,14,NA,NA,NA,NA,A,NA,NA,NA,NA,NA,NA,2,0,1,0,0,1,4,3,266,7,86,3,1352,41,0,316,166,10,133,41,0,9,12,0,16,11,0,74,42,13,31,0,5,38,2,547,17,13,0,68,20,17,6,0,4,1,0,355,2066,Daewook.55
Daewook.56,GTAAATTCAGGC,CCGGACTACHVGGGTWTCTAAT,AZ,unrelatedControl_AZ,1,NA,0,0,No,NA,Male,11,NA,NA,NA,NA,A,NA,NA,NA,NA,NA,NA,2,0,2,0,2,1,7,4,5,0,0,0,1794,1,1,33,17,16,19,30,15,0,24,0,9,178,28,164,166,446,133,19,810,49,61,118,64,1155,184,97,404,11,29,19,7,29,11,50,3,Daewook.56
Daewook.57,TGGGTCCCACAT,CCGGACTACHVGGGTWTCTAAT,AZ,unrelatedControl_AZ,1,NA,0,0,No,NA,Female,12,NA,NA,NA,NA,A,NA,NA,NA,NA,NA,NA,1,0,1,0,1,2,5,2,317,1,25,0,1253,93,0,168,25,22,176,81,2,83,61,0,7,199,24,409,84,385,103,42,695,32,30,53,264,822,0,44,595,12,128,17,1,7,50,2,3,Daewook.57
Daewook.58,GATGTATGTGGT,CCGGACTACHVGGGTWTCTAAT,AZ,unrelatedControl_AZ,1,NA,0,0,No,NA,Female,5,NA,NA,NA,NA,A,NA,NA,NA,NA,NA,NA,0,0,1,0,0,1,2,1,134,0,0,1,1534,201,5,216,22,4,20,71,20,27,16,1,13,110,5,296,43,361,58,127,593,56,66,53,246,759,118,94,854,16,109,4,2,2,72,1,2,Daewook.58
Daewook.59,GAGAGCAACAGA,CCGGACTACHVGGGTWTCTAAT,AZ,unrelatedControl_AZ,1,NA,0,0,No,NA,Male,13,NA,NA,NA,NA,A,NA,NA,NA,NA,NA,NA,1,0,0,1,1,2,5,1,97,0,0,0,936,88,0,119,36,6,149,36,0,68,53,1,19,126,15,463,129,267,133,36,1028,47,200,187,97,881,142,91,481,11,58,2,2,0,0,13,8,Daewook.59
Daewook.6,CAACTCCCGTGA,CCGGACTACHVGGGTWTCTAAT,AZ,unrelatedControl_AZ,1,NA,0,0,No,NA,Male,4,NA,NA,NA,NA,A,NA,NA,NA,NA,NA,NA,0,0,0,0,0,0,0,0,728,22,0,57,372,14,5,13,58,77,213,41,7,224,53,0,27,112,8,295,13,408,226,1,18,123,296,95,208,60,14,222,710,73,580,59,7,22,1,829,55,Daewook.6
Daewook.60,CCTGCGAAGTAT,CCGGACTACHVGGGTWTCTAAT,AZ,unrelatedControl_AZ,1,NA,0,0,No,NA,Male,5,NA,NA,NA,NA,A,NA,NA,NA,NA,NA,NA,0,0,0,0,0,0,0,0,47,0,0,2,1967,768,0,1,116,3,12,0,0,39,78,0,28,287,22,186,176,261,84,702,376,73,41,42,0,550,0,40,65,0,273,16,0,13,0,6,0,Daewook.60
Daewook.61,GATGTGGTGTTA,CCGGACTACHVGGGTWTCTAAT,AZ,ASD_AZ,1,NA,0,1,Yes,NA,Male,13,NA,NA,NA,NA,A,NA,NA,NA,NA,NA,NA,0,0,2,1,0,0,3,2,150,22,2,17,61,14,0,9,28,12,49,14,3,0,1041,0,28,35,0,379,97,540,229,2,40,148,1398,37,370,390,69,96,99,64,92,2,0,22,0,79,3,Daewook.61
Daewook.62,CGATGCTGTTGA,CCGGACTACHVGGGTWTCTAAT,AZ,ASD_AZ,1,NA,0,1,Yes,NA,Male,4,NA,NA,NA,NA,A,NA,NA,NA,NA,NA,NA,0,0,2,0,0,0,2,2,2,0,0,0,1806,248,1,424,9,5,29,124,107,0,137,5,6,432,21,98,28,119,17,80,225,45,43,257,128,478,132,211,797,6,104,7,3,4,101,5,37,Daewook.62
Daewook.63,AGTGTTTCGGAC,CCGGACTACHVGGGTWTCTAAT,AZ,ASD_AZ,1,NA,0,1,Yes,NA,Male,9,NA,NA,NA,NA,A,NA,NA,NA,NA,NA,NA,1,0,0,0,0,1,2,1,39,1,3,2,2727,0,2,346,6,0,10,9,1,0,6,0,12,195,4,115,85,39,3,110,280,7,6,40,111,965,24,120,129,3,219,3,4,3,189,3,176,Daewook.63
Daewook.64,CACTGGTGCATA,CCGGACTACHVGGGTWTCTAAT,AZ,ASD_AZ,1,NA,0,1,Yes,NA,Male,9,NA,NA,NA,NA,A,NA,NA,NA,NA,NA,NA,1,1,2,1,2,2,9,4,159,0,0,5,1308,191,0,117,9,4,4,14,0,1,133,0,26,16,0,351,210,297,126,70,1736,93,218,6,7,691,283,19,233,0,0,18,1,15,0,3,0,Daewook.64
Daewook.65,ACGATTCGAGTC,CCGGACTACHVGGGTWTCTAAT,AZ,ASD_AZ,1,NA,0,1,Yes,NA,Male,6,NA,NA,NA,NA,A,NA,NA,NA,NA,NA,NA,0,0,1,0,1,0,2,1,7,0,0,2,3282,209,0,301,3,0,11,25,0,0,85,0,21,115,0,175,42,78,17,85,508,38,5,37,7,806,55,33,74,13,53,0,12,5,139,0,0,Daewook.65
Daewook.68,TTCTCTCGACAT,CCGGACTACHVGGGTWTCTAAT,AZ,ASD_AZ,1,NA,0,1,Yes,NA,Male,13,NA,NA,NA,NA,A,NA,NA,NA,NA,NA,NA,0,0,0,0,0,0,0,0,102,4,0,0,161,58,510,8,7,0,72,410,95,25,10,0,28,134,0,56,16,183,114,45,257,20,9,150,764,862,8,230,302,10,5,0,0,104,94,39,0,Daewook.68
Daewook.7,TCGGAATTAGAC,CCGGACTACHVGGGTWTCTAAT,AZ,unrelatedControl_AZ,1,NA,0,0,No,NA,Male,8,NA,NA,NA,NA,A,NA,NA,NA,NA,NA,NA,0,0,0,0,0,0,0,0,451,10,6,16,337,85,182,98,75,24,104,61,17,3,35,0,15,434,3,183,13,45,197,21,343,230,136,83,278,72,88,155,1342,81,37,12,7,13,439,0,71,Daewook.7
Daewook.72,AACGTAGGCTCT,CCGGACTACHVGGGTWTCTAAT,AZ,ASD_AZ,1,NA,0,1,Yes,NA,Female,16,NA,NA,NA,NA,A,NA,NA,NA,NA,NA,NA,1,0,1,1,1,2,6,2,40,0,0,0,2223,84,2,165,5,8,14,155,5,0,12,0,5,94,6,217,65,216,58,3,397,28,7,106,132,549,24,844,430,11,4,20,5,1,82,0,40,Daewook.72
Daewook.73,GGTTCGGTCCAT,CCGGACTACHVGGGTWTCTAAT,AZ,ASD_AZ,1,NA,0,1,Yes,NA,Male,17,NA,NA,NA,NA,A,NA,NA,NA,NA,NA,NA,0,0,2,0,0,2,4,2,5,0,0,0,1973,44,0,435,182,0,11,79,0,0,0,0,22,252,15,491,29,240,117,2,651,37,0,43,61,1087,61,175,67,9,381,0,27,0,0,0,0,Daewook.73
Daewook.74,GTCACGGACATT,CCGGACTACHVGGGTWTCTAAT,AZ,ASD_AZ,1,NA,0,1,Yes,NA,Male,6,NA,NA,NA,NA,A,NA,NA,NA,NA,NA,NA,2,1,0,2,2,0,7,3,67,3,0,0,894,158,622,111,0,3,28,110,17,71,21,85,20,287,4,275,50,363,74,77,280,55,29,132,365,368,152,201,536,10,69,3,6,34,26,6,47,Daewook.74
Daewook.76,GCTCTCCGTAGA,CCGGACTACHVGGGTWTCTAAT,AZ,ASD_AZ,1,NA,0,1,Yes,NA,Male,11,NA,NA,NA,NA,A,NA,NA,NA,NA,NA,NA,0,0,0,1,1,0,2,0,11,0,0,1,3449,576,0,258,3,2,60,25,10,7,77,0,94,217,22,108,84,191,85,25,37,49,42,90,270,254,22,74,67,23,28,52,17,10,0,19,2,Daewook.76
Daewook.77,GTAGAGGTAGAG,CCGGACTACHVGGGTWTCTAAT,AZ,ASD_AZ,1,NA,0,1,Yes,NA,Male,9,NA,NA,NA,NA,A,NA,NA,NA,NA,NA,NA,2,0,2,0,0,2,6,4,1090,5,0,2,152,16,5,10,375,82,203,17,0,356,30,0,0,81,1,833,115,1675,378,0,139,90,92,42,12,45,39,25,83,22,447,0,1,1,1,6,0,Daewook.77
Daewook.78,ACGCGAACTAAT,CCGGACTACHVGGGTWTCTAAT,AZ,ASD_AZ,1,NA,0,1,Yes,NA,Male,13,NA,NA,NA,NA,A,NA,NA,NA,NA,NA,NA,0,0,2,1,2,1,6,2,4,1,0,6,1390,189,0,531,29,0,23,104,4,0,11,0,11,39,3,148,114,373,192,41,133,56,30,72,116,145,297,684,790,7,170,54,8,51,222,11,377,Daewook.78
Daewook.79,TGGCAAATCTAG,CCGGACTACHVGGGTWTCTAAT,AZ,ASD_AZ,1,NA,0,1,Yes,NA,Male,14,NA,NA,NA,NA,A,NA,NA,NA,NA,NA,NA,2,0,2,0,2,0,6,4,292,10,3,10,1133,84,33,73,46,14,26,149,4,6,8,1,8,165,8,689,56,258,126,347,728,173,1,335,57,204,38,92,511,41,167,3,3,6,63,412,5,Daewook.79
Daewook.8,TATACCGCTGCG,CCGGACTACHVGGGTWTCTAAT,AZ,unrelatedControl_AZ,1,NA,0,0,No,NA,Male,13,NA,NA,NA,NA,A,NA,NA,NA,NA,NA,NA,0,0,0,0,0,0,0,0,542,59,2,3,345,45,26,9,2,67,114,219,58,4,26,1,22,16,3,833,38,674,334,2,221,115,21,188,345,347,42,81,298,30,146,2,1,0,1,5,4,Daewook.8
Daewook.80,AGTTGTAGTCCG,CCGGACTACHVGGGTWTCTAAT,AZ,ASD_AZ,1,NA,0,1,Yes,NA,Male,15,NA,NA,NA,NA,A,NA,NA,NA,NA,NA,NA,2,0,2,0,2,1,7,4,445,8,1,1,1229,88,3,204,11,3,28,62,0,1,12,0,12,259,62,349,122,482,189,50,488,34,9,35,18,888,13,87,279,15,486,34,7,9,87,46,1,Daewook.80
Daewook.81,CTGATCCATCTT,CCGGACTACHVGGGTWTCTAAT,AZ,ASD_AZ,1,NA,0,1,Yes,NA,Male,6,NA,NA,NA,NA,A,NA,NA,NA,NA,NA,NA,0,0,0,1,0,0,1,0,128,12,0,36,56,44,1,19,10,16,117,22,1,7,85,216,23,18,0,1304,48,50,199,6,91,39,218,42,380,88,0,58,169,16,56,6,6,3,24,1,2583,Daewook.81
Daewook.82,GCGAGCGAAGTA,CCGGACTACHVGGGTWTCTAAT,AZ,ASD_AZ,1,NA,0,1,Yes,NA,Male,5,NA,NA,NA,NA,A,NA,NA,NA,NA,NA,NA,1,0,1,0,2,2,6,2,1,0,0,2,3008,0,0,0,5,0,8,5,2,0,8,0,43,456,21,421,195,531,68,0,7,306,74,32,63,713,0,149,171,1,2,92,15,19,91,0,0,Daewook.82
Daewook.83,TACCGAAGGTAT,CCGGACTACHVGGGTWTCTAAT,AZ,ASD_AZ,1,NA,0,1,Yes,NA,Male,12,NA,NA,NA,NA,A,NA,NA,NA,NA,NA,NA,1,1,1,1,1,2,7,3,20,0,0,3,1259,144,0,4,155,0,7,54,2,0,3,0,34,45,0,688,159,1034,212,13,926,323,3,10,11,408,177,106,249,21,0,99,11,17,0,19,0,Daewook.83
Daewook.9,TATCGACACAAG,CCGGACTACHVGGGTWTCTAAT,AZ,unrelatedControl_AZ,1,NA,0,0,No,NA,Male,6,NA,NA,NA,NA,A,NA,NA,NA,NA,NA,NA,0,0,0,0,0,0,0,0,437,15,1,0,354,135,158,20,46,14,211,83,2,79,42,0,12,155,4,950,47,228,446,4,389,394,46,98,171,1134,90,101,176,21,119,0,0,3,5,15,11,Daewook.9
stool.ASD.1.1,CGGTCAATTGAC,CCGGACTACHVGGGTWTCTAAT,CO,ASD_CO,1,1,0,1,Yes,NA,Male,2,less_than 1/month,less_than 1/month,less_than 1/month,1-2/month,A,0,0,0,1,1,1,0,0,0,NA,NA,NA,NA,0,63,0,4,3,1170,373,2,48,23,1,10,82,10,1,136,0,4,183,6,122,41,213,35,159,377,42,9,42,103,2328,0,115,535,4,29,31,3,2,0,2,35,stool.ASD.1.1
stool.ASD.12.1,TGTCGCAAATAG,CCGGACTACHVGGGTWTCTAAT,CO,ASD_CO,1,1,0,1,Yes,NA,Male,8,unsure,unsure,unsure,unsure,A,0,0,0,0,0,0,0,0,0,NA,NA,NA,NA,0,54,3,3,0,992,186,445,260,11,42,71,162,232,70,28,0,13,81,4,108,22,184,51,41,363,55,132,231,179,538,87,196,512,15,90,17,2,6,75,4,40,stool.ASD.12.1
stool.ASD.14.2,TGCATACACTGG,CCGGACTACHVGGGTWTCTAAT,CO,ASD_CO,1,2,4,1,Yes,NA,Male,9,less_than 1/month,less_than 1/month,3-4/month,less_than 1/month,A,0,0,3,0,3,3,0,1,0,NA,NA,NA,NA,1,2,0,10,0,623,120,1,155,35,10,100,7,1,42,23,22,1,85,11,233,48,138,94,6,623,44,105,608,109,528,46,29,1745,6,11,8,0,3,3,2,0,stool.ASD.14.2
stool.ASD.19.1,GCTCGAAGATTC,CCGGACTACHVGGGTWTCTAAT,CO,ASD_CO,1,1,0,1,Yes,NA,Male,8,missing,missing,missing,missing,B,missing,missing,missing,missing,missing,1,missing,missing,missing,NA,NA,NA,NA,1,218,2,3,0,1697,297,167,122,5,101,27,6,16,0,37,0,1,61,30,84,12,42,19,0,29,25,23,21,37,1364,16,290,505,13,0,5,5,1,83,0,189,stool.ASD.19.1
stool.ASD.22.2,GCGATATATCGC,CCGGACTACHVGGGTWTCTAAT,CO,ASD_CO,1,2,3.67,1,Yes,NA,Male,4,No,No,No,No,A,0,0,0,0,0,0,0,0,0,NA,NA,NA,NA,0,123,22,17,3,994,133,1363,100,8,1,1,28,1,3,7,615,0,158,2,85,68,116,32,39,794,47,10,49,269,366,148,37,78,7,65,0,1,165,81,8,82,stool.ASD.22.2
stool.ASD.24.1,AACTAGTTCAGG,CCGGACTACHVGGGTWTCTAAT,CO,ASD_CO,1,1,0,1,Yes,NA,Male,5,No,No,No,No,A,0,0,0,0,0,0,0,0,0,NA,NA,NA,NA,0,259,55,7,0,1460,60,255,121,13,14,12,201,4,32,45,27,40,196,7,343,127,1054,91,35,390,29,69,74,190,461,29,49,166,11,71,4,2,1,20,0,1,stool.ASD.24.1
stool.ASD.25.2,ACCAGTGACTCA,CCGGACTACHVGGGTWTCTAAT,CO,ASD_CO,1,2,7,1,Yes,NA,Female,10,less_than 1/month,less_than 1/month,less_than 1/month,1-2/week,A,0,0,0,5,5,5,0,0,1,NA,NA,NA,NA,1,162,0,22,0,1882,106,2,37,25,8,41,44,9,1,8,0,7,287,13,262,43,275,182,15,757,59,56,31,136,655,15,99,518,18,380,9,2,0,55,0,99,stool.ASD.25.2
stool.ASD.27.4,AGATTGACCAAC,CCGGACTACHVGGGTWTCTAAT,CO,ASD_CO,2,4,missing,1,Yes,NA,Male,6,1-2/month,3-4/month,3-4/month,3-4/month,A,1,3,3,3,10,10,0,1,1,NA,NA,NA,NA,2,83,0,0,0,1812,184,0,156,5,12,44,446,1,50,152,0,5,191,7,153,74,341,50,83,463,21,118,79,159,651,64,103,413,4,37,1,1,3,75,1,28,stool.ASD.27.4
stool.ASD.3.1A,GGTGACTAGTTC,CCGGACTACHVGGGTWTCTAAT,CO,ASD_CO,1,1,0,1,Yes,NA,Male,5,No,No,No,No,A,0,0,0,0,0,0,0,0,0,NA,NA,NA,NA,0,7,1,0,0,1819,1742,2,168,9,7,6,40,1,2,61,163,9,25,0,91,26,122,13,24,82,21,32,33,237,286,1,357,978,5,2,4,0,1,15,1,35,stool.ASD.3.1A
stool.ASD.4.1,TGCAGTCCTCGA,CCGGACTACHVGGGTWTCTAAT,CO,ASD_CO,1,1,0,1,Yes,NA,Female,8,No,No,No,No,A,0,0,0,0,0,0,0,0,0,NA,NA,NA,NA,0,47,9,16,0,364,7,58,404,29,0,75,80,4,23,29,5,14,78,50,175,54,253,172,12,216,138,45,1128,212,862,166,229,1302,22,29,4,0,4,0,67,0,stool.ASD.4.1
stool.ASD.6.2,CGTAAGATGCCT,CCGGACTACHVGGGTWTCTAAT,CO,ASD_CO,1,2,10.7,1,Yes,NA,Male,7,missing,missing,3-4/month,less_than 1/month,A,missing,missing,3,0,3,3,missing,1,0,NA,NA,NA,NA,1,3,2,0,0,640,135,780,115,9,0,17,769,18,22,41,61,51,320,8,54,18,79,40,263,109,7,8,84,397,1015,21,189,243,7,25,4,3,0,39,4,141,stool.ASD.6.2
stool.ASD.7.2,GTGGAGTCTCAT,CCGGACTACHVGGGTWTCTAAT,CO,ASD_CO,1,2,2.97,1,Yes,NA,Male,11,1-2/month,3-4/month,1-2/month,1-2/week,A,1,3,1,5,10,10,0,0,1,NA,NA,NA,NA,1,13,3,1,1,1215,193,0,178,2,0,29,125,5,11,26,0,3,37,7,68,15,30,52,62,108,58,5,271,45,284,34,79,3283,3,40,11,1,6,39,0,2,stool.ASD.7.2
stool.ASD.8.1,ATGGGTTCCGTC,CCGGACTACHVGGGTWTCTAAT,CO,ASD_CO,1,1,0,1,Yes,NA,Male,6,1-2/month,1-2/month,1-2/month,greater_than 3/week,A,1,1,1,10,13,13,0,0,2,NA,NA,NA,NA,2,12,0,10,4,3066,380,435,387,5,3,12,43,6,2,0,0,52,220,0,84,80,29,74,28,56,25,6,27,24,296,4,231,42,4,3,8,21,71,192,0,376,stool.ASD.8.1
stool.control.13S.1B,GTGGTGGTTTCC,CCGGACTACHVGGGTWTCTAAT,CO,siblingControl_CO,1,1,0,0,No,Yes,Male,5,No,No,No,No,A,0,0,0,0,0,0,0,0,0,NA,NA,NA,NA,0,164,1,2,0,842,282,1,313,0,11,98,575,57,11,29,9,19,114,5,257,52,176,54,20,241,30,56,113,369,348,148,335,494,19,75,15,1,7,26,1,203,stool.control.13S.1B
stool.control.15S.2,GAGCCATCTGTA,CCGGACTACHVGGGTWTCTAAT,CO,siblingControl_CO,1,2,2.83,0,No,Yes,Female,6,less_than 1/month,less_than 1/month,less_than 1/month,1-2/week,A,0,0,0,5,5,5,0,0,1,NA,NA,NA,NA,1,216,0,0,0,3689,0,1,406,24,4,27,16,0,9,18,7,11,131,6,76,73,237,11,26,123,28,67,26,16,435,68,171,137,4,0,4,0,5,99,0,291,stool.control.15S.2
stool.control.18S.1,AGGCTTACGTGT,CCGGACTACHVGGGTWTCTAAT,CO,siblingControl_CO,1,1,0,0,No,Yes,Male,3,missing,missing,missing,missing,B,missing,missing,missing,missing,missing,1,missing,missing,missing,NA,NA,NA,NA,0,176,6,0,4,1242,44,4,135,19,173,94,89,13,201,225,8,13,202,17,527,67,458,124,32,341,184,184,61,76,380,34,171,570,30,54,3,4,76,5,2,269,stool.control.18S.1
stool.control.26S.1,TAGGCATGCTTG,CCGGACTACHVGGGTWTCTAAT,CO,siblingControl_CO,1,1,0,0,No,Yes,Male,6,No,No,No,No,A,0,0,0,0,0,0,0,0,0,NA,NA,NA,NA,0,402,0,0,3,1590,52,2,220,18,30,54,191,11,64,109,0,12,128,11,129,85,240,120,28,366,90,76,143,247,814,106,156,509,20,33,8,3,11,11,0,63,stool.control.26S.1
stool.control.28S.2,GTAGATCGTGTA,CCGGACTACHVGGGTWTCTAAT,CO,siblingControl_CO,1,2,0,0,No,Yes,Female,3,less_than 1/month,less_than 1/month,1-2/month,less_than 1/month,A,0,0,1,0,1,1,0,0,0,NA,NA,NA,NA,0,58,3,0,4,868,43,1,12,20,7,33,15,1,160,181,0,8,136,10,747,200,901,264,16,333,331,174,81,284,569,105,38,164,15,576,39,2,1,2,19,6,stool.control.28S.2
stool.control.29C.1,CGAGGGAAAGTC,CCGGACTACHVGGGTWTCTAAT,CO,unrelatedControl_CO,1,1,0,0,No,No,Male,4,No,No,No,No,A,0,0,0,0,0,0,0,0,0,NA,NA,NA,NA,0,276,5,1,0,786,96,4,450,7,4,143,225,18,29,140,0,52,11,10,428,95,333,73,0,46,76,67,267,962,508,3,105,489,16,44,96,3,93,5,0,49,stool.control.29C.1
stool.control.30C.4,ATGATGAGCCTC,CCGGACTACHVGGGTWTCTAAT,CO,unrelatedControl_CO,2,4,missing,0,No,No,Female,6,1-2/month,less_than 1/month,1-2/month,less_than 1/month,A,1,0,1,0,2,2,0,0,0,NA,NA,NA,NA,0,2,1,0,17,338,374,3070,85,0,0,0,57,0,0,13,0,48,186,2,292,66,226,108,48,146,9,0,169,102,606,34,51,167,1,102,2,0,0,30,0,2,stool.control.30C.4
stool.control.31C.2,GAACACTTTGGA,CCGGACTACHVGGGTWTCTAAT,CO,unrelatedControl_CO,1,2,5.9,0,No,No,Male,5,blank,blank,blank,blank,A,0,0,0,0,0,0,0,0,0,NA,NA,NA,NA,0,28,0,0,0,436,156,1,75,18,28,60,293,42,64,120,73,142,265,16,392,116,278,87,18,856,35,118,144,80,1280,40,95,378,12,98,0,3,11,4,0,33,stool.control.31C.2
stool.control.32C.2.run2,GTCGACAGAGGA,CCGGACTACHVGGGTWTCTAAT,CO,unrelatedControl_CO,2,2,5.47,0,No,No,Female,6,1-2/month,less_than 1/month,less_than 1/month,less_than 1/month,A,1,0,0,0,1,1,0,0,0,NA,NA,NA,NA,0,0,5,0,0,1613,100,0,107,5,11,15,534,20,1,107,0,12,235,10,171,40,300,23,234,311,16,60,43,462,513,33,251,811,5,53,2,0,3,77,0,18,stool.control.32C.2.run2
stool.control.34C.1,GTCGACAGAGGA,CCGGACTACHVGGGTWTCTAAT,CO,unrelatedControl_CO,1,1,0,0,No,No,Female,5,No,No,No,No,A,0,0,0,0,0,0,0,0,0,NA,NA,NA,NA,0,19,1,0,0,2296,676,1,373,23,170,32,94,74,6,46,0,10,91,13,147,42,96,47,145,186,40,37,184,224,516,63,175,181,11,76,5,2,2,127,43,0,stool.control.34C.1
stool.control.35C.1A,CTCACCTAGGAA,CCGGACTACHVGGGTWTCTAAT,CO,unrelatedControl_CO,1,1,0,0,No,No,Female,8,No,No,No,No,A,0,0,0,0,0,0,0,0,0,NA,NA,NA,NA,0,48,0,0,0,1396,54,0,109,87,21,49,179,14,7,107,0,3,214,44,416,97,421,194,96,657,34,26,47,115,822,22,146,382,12,350,26,4,22,78,0,38,stool.control.35C.1A
stool.control.36C.1,AGTCGTGCACAT,CCGGACTACHVGGGTWTCTAAT,CO,unrelatedControl_CO,1,1,0,0,No,No,Male,9,No,No,No,No,A,0,0,0,0,0,0,0,0,0,NA,NA,NA,NA,0,40,7,4,0,743,127,2484,19,30,0,3,74,2,1,32,0,12,212,5,258,19,115,79,92,308,38,12,75,63,623,53,136,54,10,50,3,1,0,242,0,0,stool.control.36C.1
stool.control.37C.1,ACCATAGCTCCG,CCGGACTACHVGGGTWTCTAAT,CO,unrelatedControl_CO,1,1,0,0,No,No,Female,8,No,No,No,No,A,0,0,0,0,0,0,0,0,0,NA,NA,NA,NA,0,627,16,6,0,208,170,395,0,38,4,40,58,4,595,108,0,11,110,1,301,79,636,190,79,904,43,185,40,137,379,88,225,273,18,17,6,5,2,15,0,1,stool.control.37C.1
stool.control.38C.2A,AGCATGTCCCGT,CCGGACTACHVGGGTWTCTAAT,CO,unrelatedControl_CO,1,2,3.17,0,No,No,Male,5,No,No,No,No,A,0,0,0,0,0,0,0,0,0,NA,NA,NA,NA,0,21,12,0,0,956,314,258,476,4,8,11,313,10,7,41,1,11,209,6,289,91,390,85,168,104,22,18,36,342,334,199,271,314,20,135,10,1,3,92,0,361,stool.control.38C.2A
stool.control.39C.3,GTCGTGTAGCCT,CCGGACTACHVGGGTWTCTAAT,CO,unrelatedControl_CO,2,3,missing,0,No,No,Male,6,No,No,No,No,A,0,0,0,0,0,0,0,0,0,NA,NA,NA,NA,0,10,1,0,0,567,145,2551,105,29,1,9,112,35,17,87,0,58,265,7,159,36,239,37,110,160,100,136,104,31,405,58,121,116,9,39,2,2,0,10,171,22,stool.control.39C.3
stool.control.40C.4,GAGCCATCTGTA,CCGGACTACHVGGGTWTCTAAT,CO,unrelatedControl_CO,2,4,missing,0,No,No,Female,8,less_than 1/month,less_than 1/month,1-2/month,less_than 1/month,A,0,0,1,0,1,1,0,0,0,NA,NA,NA,NA,0,0,5,1,1,435,189,2459,176,7,0,4,43,0,0,7,0,56,285,0,405,33,327,65,5,57,44,1,174,313,176,39,131,13,8,43,4,0,11,57,0,22,stool.control.40C.4