#SampleID,BarcodeSequence,LinkerPrimerSequence,Cohort,sub_cohort,Run,Time_point,Time_From_First_Sample_Months,ASD_numbered,ASD,ASD_Sibling,Gender,Age_In_Years,Abdominal_Pain,Bloating,Loose_Stool,Constipation,GI_questionniare_group,UCD_Abdominal_Pain_subScore,UCD_Bloating_subScore,UCD_Loose_Stool_Diarrhea_subScore,UCD_Constipation_subScore,UCD_total_GI_Score,UCD_total_GI_Scores_all_integers,ASU_ranking_Abdominal_Pain_subScore,ASU_ranking_Loose_Stool_Diarrhea_subScore,ASU_ranking_Constipation_subScore,ASU_consistency_subScore,ASU_smell_subScore,ASU_flatulence_subScore,ASU_total_GI_Score,ConstipationDiarrheaAbdominalPain_GI_Score,k__Bacteria; p__Bacteroidetes; c__Bacteroidia; o__Bacteroidales; f__Bacteroidaceae; g__Bacteroides; s__fragilis,k__Bacteria; p__Firmicutes; c__Clostridia; o__Clostridiales; f__Lachnospiraceae; g__Roseburia; s__,k__Bacteria; p__Firmicutes; c__Clostridia; o__Clostridiales; f__Lachnospiraceae,k__Bacteria; p__Firmicutes; c__Clostridia; o__Clostridiales; f__Lachnospiraceae; g__Coprococcus; s__,k__Bacteria; p__Firmicutes; c__Clostridia; o__Clostridiales; f__; g__; s__,k__Bacteria; p__Bacteroidetes; c__Bacteroidia; o__Bacteroidales; f__Bacteroidaceae; g__Bacteroides; s__ovatus,k__Bacteria; p__Firmicutes; c__Clostridia; o__Clostridiales; f__Lachnospiraceae; g__; s__,k__Bacteria; p__Bacteroidetes; c__Bacteroidia; o__Bacteroidales; f__Prevotellaceae; g__Prevotella; s__copri,k__Bacteria; p__Firmicutes; c__Clostridia; o__Clostridiales; f__Lachnospiraceae; g__Blautia,k__Bacteria; p__Firmicutes; c__Clostridia; o__Clostridiales; f__; g__; s__,k__Bacteria; p__Bacteroidetes; c__Bacteroidia; o__Bacteroidales; f__Rikenellaceae; g__Alistipes; s__putredinis,k__Bacteria; p__Firmicutes; c__Clostridia; o__Clostridiales; f__Clostridiaceae; g__Sarcina; s__,k__Bacteria; p__Firmicutes; c__Clostridia; o__Clostridiales; f__Lachnospiraceae; g__Blautia; s__,Description
Daewook.1,CCACAGATCGAT,CCGGACTACHVGGGTWTCTAAT,AZ,unrelatedControl_AZ,1,NA,0,0,No,NA,Male,12,NA,NA,NA,NA,A,NA,NA,NA,NA,NA,NA,0,0,0,0,0,0,0,0,0,1,0,82,1,0,15,8,1,38,74,0,55,Daewook.1
Daewook.10,TGCGCTGAATGT,CCGGACTACHVGGGTWTCTAAT,AZ,unrelatedControl_AZ,1,NA,0,0,No,NA,Male,4,NA,NA,NA,NA,A,NA,NA,NA,NA,NA,NA,0,0,0,0,0,0,0,0,0,2,0,25,2,0,22,149,6,26,0,0,178,Daewook.10
Daewook.11,TGGAGTAGGTGG,CCGGACTACHVGGGTWTCTAAT,AZ,unrelatedControl_AZ,1,NA,0,0,No,NA,Male,5,NA,NA,NA,NA,A,NA,NA,NA,NA,NA,NA,0,0,0,0,0,0,0,0,15,0,0,182,2,0,0,0,0,9,0,0,126,Daewook.11
Daewook.12,ACCGGTATGTAC,CCGGACTACHVGGGTWTCTAAT,AZ,unrelatedControl_AZ,1,NA,0,0,No,NA,Male,6,NA,NA,NA,NA,A,NA,NA,NA,NA,NA,NA,0,0,0,0,0,0,0,0,297,0,0,356,0,0,0,0,0,0,7,0,243,Daewook.12
Daewook.13,CAAACAACAGCT,CCGGACTACHVGGGTWTCTAAT,AZ,unrelatedControl_AZ,1,NA,0,0,No,NA,Male,3,NA,NA,NA,NA,A,NA,NA,NA,NA,NA,NA,0,0,0,0,0,0,0,0,957,0,6,14,0,0,0,0,2,0,53,0,8,Daewook.13
Daewook.14,TTGCGTTAGCAG,CCGGACTACHVGGGTWTCTAAT,AZ,unrelatedControl_AZ,1,NA,0,0,No,NA,Female,14,NA,NA,NA,NA,A,NA,NA,NA,NA,NA,NA,0,0,1,0,0,0,1,1,0,2,0,227,0,0,4,0,0,6,61,0,245,Daewook.14
Daewook.15,TGTGAATTCGGA,CCGGACTACHVGGGTWTCTAAT,AZ,unrelatedControl_AZ,1,NA,0,0,No,NA,Female,4,NA,NA,NA,NA,A,NA,NA,NA,NA,NA,NA,0,0,1,0,0,0,1,1,12,0,0,36,68,0,0,42,0,21,18,0,45,Daewook.15
Daewook.16,AGTTGAGGCATT,CCGGACTACHVGGGTWTCTAAT,AZ,unrelatedControl_AZ,1,NA,0,0,No,NA,Female,4,NA,NA,NA,NA,A,NA,NA,NA,NA,NA,NA,0,0,1,0,0,0,1,1,148,0,5,0,0,0,0,0,0,0,127,0,527,Daewook.16
Daewook.17,GATTCCGGCTCA,CCGGACTACHVGGGTWTCTAAT,AZ,unrelatedControl_AZ,1,NA,0,0,No,NA,Male,15,NA,NA,NA,NA,A,NA,NA,NA,NA,NA,NA,0,0,1,0,0,0,1,1,5,6,0,13,1,0,48,0,2,15,14,0,151,Daewook.17
Daewook.18,ATGGCTGTCAGT,CCGGACTACHVGGGTWTCTAAT,AZ,unrelatedControl_AZ,1,NA,0,0,No,NA,Male,8,NA,NA,NA,NA,A,NA,NA,NA,NA,NA,NA,0,0,0,0,0,1,1,0,0,0,0,0,0,0,0,3,0,3,4,0,70,Daewook.18
Daewook.19,TTGGCTCTATTC,CCGGACTACHVGGGTWTCTAAT,AZ,unrelatedControl_AZ,1,NA,0,0,No,NA,Male,16,NA,NA,NA,NA,A,NA,NA,NA,NA,NA,NA,0,0,0,1,1,0,2,0,8,0,0,558,2,0,0,0,7,10,1,0,191,Daewook.19
Daewook.2,TAGTATGCGCAA,CCGGACTACHVGGGTWTCTAAT,AZ,unrelatedControl_AZ,1,NA,0,0,No,NA,Male,13,NA,NA,NA,NA,A,NA,NA,NA,NA,NA,NA,0,0,0,0,0,0,0,0,0,5,0,226,0,11,0,0,3,45,51,0,211,Daewook.2
Daewook.20,AATTGTGTCGGA,CCGGACTACHVGGGTWTCTAAT,AZ,unrelatedControl_AZ,1,NA,0,0,No,NA,Male,10,NA,NA,NA,NA,A,NA,NA,NA,NA,NA,NA,1,0,0,0,0,2,3,1,7,0,0,64,6,0,2,0,2,30,25,0,264,Daewook.20
Daewook.21,GCAACACCATCC,CCGGACTACHVGGGTWTCTAAT,AZ,ASD_AZ,1,NA,0,1,Yes,NA,Male,6,NA,NA,NA,NA,A,NA,NA,NA,NA,NA,NA,0,0,0,0,1,0,1,0,102,11,0,0,0,0,0,0,2,0,0,29,872,Daewook.21
Daewook.22,TACGAGCCCTAA,CCGGACTACHVGGGTWTCTAAT,AZ,ASD_AZ,1,NA,0,1,Yes,NA,Male,5,NA,NA,NA,NA,A,NA,NA,NA,NA,NA,NA,1,0,0,0,0,1,2,1,41,7,0,46,0,9,0,53,0,6,28,13,109,Daewook.22
Daewook.23,CATTCGTGGCGT,CCGGACTACHVGGGTWTCTAAT,AZ,ASD_AZ,1,NA,0,1,Yes,NA,Male,8,NA,NA,NA,NA,A,NA,NA,NA,NA,NA,NA,1,0,0,1,0,0,2,1,1,6,3,281,5,0,0,0,0,34,10,0,466,Daewook.23
Daewook.24,ACAATAGACACC,CCGGACTACHVGGGTWTCTAAT,AZ,ASD_AZ,1,NA,0,1,Yes,NA,Male,11,NA,NA,NA,NA,A,NA,NA,NA,NA,NA,NA,0,0,1,0,0,1,2,1,4,3,0,84,3,28,0,0,0,33,148,0,288,Daewook.24
Daewook.25,CGTAATTGCCGC,CCGGACTACHVGGGTWTCTAAT,AZ,ASD_AZ,1,NA,0,1,Yes,NA,Male,11,NA,NA,NA,NA,A,NA,NA,NA,NA,NA,NA,0,0,1,0,0,1,2,1,0,8,0,0,1,0,0,0,0,11,15,0,153,Daewook.25
Daewook.26,GTTCTCTTCTCG,CCGGACTACHVGGGTWTCTAAT,AZ,ASD_AZ,1,NA,0,1,Yes,NA,Male,9,NA,NA,NA,NA,A,NA,NA,NA,NA,NA,NA,0,0,0,1,1,1,3,0,21,1,0,0,1,99,0,0,0,0,9,0,7,Daewook.26
Daewook.27,TACCGCTTCTTC,CCGGACTACHVGGGTWTCTAAT,AZ,ASD_AZ,1,NA,0,1,Yes,NA,Male,6,NA,NA,NA,NA,A,NA,NA,NA,NA,NA,NA,0,0,1,0,0,2,3,1,346,7,14,2,0,23,0,0,0,0,0,0,19,Daewook.27
Daewook.28,GCACACCTGATA,CCGGACTACHVGGGTWTCTAAT,AZ,ASD_AZ,1,NA,0,1,Yes,NA,Male,6,NA,NA,NA,NA,A,NA,NA,NA,NA,NA,NA,1,0,1,1,1,0,4,2,0,4,6,0,0,0,0,0,0,0,9,0,76,Daewook.28
Daewook.29,AGTAGCGGAAGA,CCGGACTACHVGGGTWTCTAAT,AZ,ASD_AZ,1,NA,0,1,Yes,NA,Male,4,NA,NA,NA,NA,A,NA,NA,NA,NA,NA,NA,0,0,0,2,0,2,4,0,0,0,0,15,0,21,0,0,0,0,0,0,740,Daewook.29
Daewook.3,AGCAGAACATCT,CCGGACTACHVGGGTWTCTAAT,AZ,unrelatedControl_AZ,1,NA,0,0,No,NA,Male,5,NA,NA,NA,NA,A,NA,NA,NA,NA,NA,NA,0,0,0,0,0,0,0,0,136,0,0,49,9,0,4,26,0,14,10,0,89,Daewook.3
Daewook.30,TCCTCGAGCGAT,CCGGACTACHVGGGTWTCTAAT,AZ,ASD_AZ,1,NA,0,1,Yes,NA,Female,4,NA,NA,NA,NA,A,NA,NA,NA,NA,NA,NA,0,0,2,1,2,0,5,2,0,0,0,0,0,0,0,0,0,0,0,67,145,Daewook.30
Daewook.31,TTAGAGCCATGC,CCGGACTACHVGGGTWTCTAAT,AZ,ASD_AZ,1,NA,0,1,Yes,NA,Male,5,NA,NA,NA,NA,A,NA,NA,NA,NA,NA,NA,1,0,0,1,1,2,5,1,0,0,0,789,0,0,0,1,0,6,0,0,527,Daewook.31
Daewook.32,TCGTGCGTGTTG,CCGGACTACHVGGGTWTCTAAT,AZ,ASD_AZ,1,NA,0,1,Yes,NA,Male,4,NA,NA,NA,NA,A,NA,NA,NA,NA,NA,NA,1,0,1,0,2,2,6,2,1,0,0,195,0,0,0,0,0,0,4,0,327,Daewook.32
Daewook.33,TTAAGACAGTCG,CCGGACTACHVGGGTWTCTAAT,AZ,ASD_AZ,1,NA,0,1,Yes,NA,Female,5,NA,NA,NA,NA,A,NA,NA,NA,NA,NA,NA,1,0,2,1,1,1,6,3,0,3,2,157,0,0,0,0,0,0,275,0,389,Daewook.33
Daewook.34,GTGCAACCAATC,CCGGACTACHVGGGTWTCTAAT,AZ,ASD_AZ,1,NA,0,1,Yes,NA,Male,4,NA,NA,NA,NA,A,NA,NA,NA,NA,NA,NA,1,0,1,1,2,1,6,2,0,5,8,113,0,151,0,0,0,0,63,0,400,Daewook.34
Daewook.35,TGTGCGATAACA,CCGGACTACHVGGGTWTCTAAT,AZ,ASD_AZ,1,NA,0,1,Yes,NA,Male,3,NA,NA,NA,NA,A,NA,NA,NA,NA,NA,NA,1,1,2,1,1,1,7,4,0,0,0,0,0,0,0,0,0,0,0,0,231,Daewook.35
Daewook.36,GCGACAATTACA,CCGGACTACHVGGGTWTCTAAT,AZ,ASD_AZ,1,NA,0,1,Yes,NA,Male,7,NA,NA,NA,NA,A,NA,NA,NA,NA,NA,NA,2,0,2,0,2,1,7,4,0,15,0,2,1,0,0,0,2,0,87,0,193,Daewook.36
Daewook.37,GCAATTAGGTAC,CCGGACTACHVGGGTWTCTAAT,AZ,ASD_AZ,1,NA,0,1,Yes,NA,Male,11,NA,NA,NA,NA,A,NA,NA,NA,NA,NA,NA,2,0,1,0,2,2,7,3,0,0,0,203,0,0,0,0,0,0,0,0,36,Daewook.37
Daewook.38,ACCCAAGCGTTA,CCGGACTACHVGGGTWTCTAAT,AZ,ASD_AZ,1,NA,0,1,Yes,NA,Male,9,NA,NA,NA,NA,A,NA,NA,NA,NA,NA,NA,1,1,1,1,2,2,8,3,0,0,0,27,0,0,0,0,0,10,11,0,459,Daewook.38
Daewook.39,TGAACCCTATGG,CCGGACTACHVGGGTWTCTAAT,AZ,ASD_AZ,1,NA,0,1,Yes,NA,Male,9,NA,NA,NA,NA,A,NA,NA,NA,NA,NA,NA,1,1,2,1,1,2,8,4,0,1,0,11,0,44,0,0,0,40,147,38,89,Daewook.39
Daewook.4,TACAGCGCATAC,CCGGACTACHVGGGTWTCTAAT,AZ,unrelatedControl_AZ,1,NA,0,0,No,NA,Male,12,NA,NA,NA,NA,A,NA,NA,NA,NA,NA,NA,0,0,0,0,0,0,0,0,0,4,0,95,2,0,0,0,6,13,13,0,41,Daewook.4
Daewook.40,GTTATCGCATGG,CCGGACTACHVGGGTWTCTAAT,AZ,unrelatedControl_AZ,1,NA,0,0,No,NA,Male,9,NA,NA,NA,NA,A,NA,NA,NA,NA,NA,NA,0,0,0,0,0,0,0,0,0,6,0,76,17,0,62,0,0,18,4,0,217,Daewook.40
Daewook.42,GCTTGAGCTTGA,CCGGACTACHVGGGTWTCTAAT,AZ,unrelatedControl_AZ,1,NA,0,0,No,NA,Female,8,NA,NA,NA,NA,A,NA,NA,NA,NA,NA,NA,0,0,0,0,0,0,0,0,91,0,0,14,39,0,16,235,2,0,79,0,44,Daewook.42
Daewook.43,GATTATCGACGA,CCGGACTACHVGGGTWTCTAAT,AZ,unrelatedControl_AZ,1,NA,0,0,No,NA,Male,6,NA,NA,NA,NA,A,NA,NA,NA,NA,NA,NA,0,0,0,0,0,0,0,0,5,23,0,33,0,0,48,62,8,18,15,0,136,Daewook.43
Daewook.44,TCATGCTCCATT,CCGGACTACHVGGGTWTCTAAT,AZ,unrelatedControl_AZ,1,NA,0,0,No,NA,Male,9,NA,NA,NA,NA,A,NA,NA,NA,NA,NA,NA,0,0,0,0,0,0,0,0,2,30,0,3,10,0,1,4,3,2,128,0,136,Daewook.44
Daewook.45,CATACCGTGAGT,CCGGACTACHVGGGTWTCTAAT,AZ,unrelatedControl_AZ,1,NA,0,0,No,NA,Male,6,NA,NA,NA,NA,A,NA,NA,NA,NA,NA,NA,0,0,0,0,0,0,0,0,0,8,0,168,0,0,2,65,8,11,1,0,700,Daewook.45
Daewook.46,TGCAGCAAGATT,CCGGACTACHVGGGTWTCTAAT,AZ,unrelatedControl_AZ,1,NA,0,0,No,NA,Female,4,NA,NA,NA,NA,A,NA,NA,NA,NA,NA,NA,1,0,2,1,1,0,5,3,18,29,0,48,3,0,2,1,0,24,70,0,70,Daewook.46
Daewook.47,AGAGTCTTGCCA,CCGGACTACHVGGGTWTCTAAT,AZ,unrelatedControl_AZ,1,NA,0,0,No,NA,Male,6,NA,NA,NA,NA,A,NA,NA,NA,NA,NA,NA,0,0,2,0,0,0,2,2,14,0,0,43,3,0,8,207,0,14,71,0,66,Daewook.47
Daewook.48,GATCACGAGAGG,CCGGACTACHVGGGTWTCTAAT,AZ,unrelatedControl_AZ,1,NA,0,0,No,NA,Male,7,NA,NA,NA,NA,A,NA,NA,NA,NA,NA,NA,0,0,0,0,0,0,0,0,19,9,0,26,6,0,0,307,0,17,168,1,63,Daewook.48
Daewook.5,CAGCTCATCAGC,CCGGACTACHVGGGTWTCTAAT,AZ,unrelatedControl_AZ,1,NA,0,0,No,NA,Male,4,NA,NA,NA,NA,A,NA,NA,NA,NA,NA,NA,0,0,0,0,0,0,0,0,55,54,0,101,0,0,0,0,2,6,0,0,22,Daewook.5
Daewook.51,GCCTAGCCCAAT,CCGGACTACHVGGGTWTCTAAT,AZ,unrelatedControl_AZ,1,NA,0,0,No,NA,Male,9,NA,NA,NA,NA,A,NA,NA,NA,NA,NA,NA,0,0,0,0,0,0,0,0,0,17,0,106,2,0,29,72,5,22,11,0,227,Daewook.51
Daewook.52,AGCTGTCAAGCT,CCGGACTACHVGGGTWTCTAAT,AZ,unrelatedControl_AZ,1,NA,0,0,No,NA,Male,9,NA,NA,NA,NA,A,NA,NA,NA,NA,NA,NA,0,0,1,0,0,1,2,1,51,0,0,45,4,0,2,0,0,14,93,0,107,Daewook.52
Daewook.53,ATGTGTGTAGAC,CCGGACTACHVGGGTWTCTAAT,AZ,unrelatedControl_AZ,1,NA,0,0,No,NA,Male,12,NA,NA,NA,NA,A,NA,NA,NA,NA,NA,NA,1,0,0,0,1,2,4,1,0,5,0,48,13,13,2,0,1,34,86,0,99,Daewook.53
Daewook.54,AGCAACATTGCA,CCGGACTACHVGGGTWTCTAAT,AZ,unrelatedControl_AZ,1,NA,0,0,No,NA,Female,16,NA,NA,NA,NA,A,NA,NA,NA,NA,NA,NA,1,0,2,0,0,1,4,3,0,33,0,92,0,0,0,0,5,0,58,0,137,Daewook.54
Daewook.55,ACAACACTCCGA,CCGGACTACHVGGGTWTCTAAT,AZ,unrelatedControl_AZ,1,NA,0,0,No,NA,Female,14,NA,NA,NA,NA,A,NA,NA,NA,NA,NA,NA,2,0,1,0,0,1,4,3,69,5,0,0,0,0,0,0,0,7,60,0,17,Daewook.55
Daewook.56,GTAAATTCAGGC,CCGGACTACHVGGGTWTCTAAT,AZ,unrelatedControl_AZ,1,NA,0,0,No,NA,Male,11,NA,NA,NA,NA,A,NA,NA,NA,NA,NA,NA,2,0,2,0,2,1,7,4,0,1,0,41,21,0,27,1,6,9,0,0,66,Daewook.56
Daewook.57,TGGGTCCCACAT,CCGGACTACHVGGGTWTCTAAT,AZ,unrelatedControl_AZ,1,NA,0,0,No,NA,Female,12,NA,NA,NA,NA,A,NA,NA,NA,NA,NA,NA,1,0,1,0,1,2,5,2,9,0,0,84,24,29,48,0,5,19,134,0,131,Daewook.57
Daewook.58,GATGTATGTGGT,CCGGACTACHVGGGTWTCTAAT,AZ,unrelatedControl_AZ,1,NA,0,0,No,NA,Female,5,NA,NA,NA,NA,A,NA,NA,NA,NA,NA,NA,0,0,1,0,0,1,2,1,188,2,0,58,16,0,1,4,0,20,0,1,142,Daewook.58
Daewook.59,GAGAGCAACAGA,CCGGACTACHVGGGTWTCTAAT,AZ,unrelatedControl_AZ,1,NA,0,0,No,NA,Male,13,NA,NA,NA,NA,A,NA,NA,NA,NA,NA,NA,1,0,0,1,1,2,5,1,0,11,0,55,6,0,14,0,0,30,86,1,92,Daewook.59
Daewook.6,CAACTCCCGTGA,CCGGACTACHVGGGTWTCTAAT,AZ,unrelatedControl_AZ,1,NA,0,0,No,NA,Male,4,NA,NA,NA,NA,A,NA,NA,NA,NA,NA,NA,0,0,0,0,0,0,0,0,0,14,0,22,0,0,0,0,0,6,1,0,16,Daewook.6
Daewook.60,CCTGCGAAGTAT,CCGGACTACHVGGGTWTCTAAT,AZ,unrelatedControl_AZ,1,NA,0,0,No,NA,Male,5,NA,NA,NA,NA,A,NA,NA,NA,NA,NA,NA,0,0,0,0,0,0,0,0,551,0,6,0,0,0,0,0,0,0,1,0,131,Daewook.60
Daewook.61,GATGTGGTGTTA,CCGGACTACHVGGGTWTCTAAT,AZ,ASD_AZ,1,NA,0,1,Yes,NA,Male,13,NA,NA,NA,NA,A,NA,NA,NA,NA,NA,NA,0,0,2,1,0,0,3,2,11,0,2,210,0,0,0,0,0,2,2,0,155,Daewook.61
Daewook.62,CGATGCTGTTGA,CCGGACTACHVGGGTWTCTAAT,AZ,ASD_AZ,1,NA,0,1,Yes,NA,Male,4,NA,NA,NA,NA,A,NA,NA,NA,NA,NA,NA,0,0,2,0,0,0,2,2,253,20,0,0,1,136,0,0,0,13,275,5,40,Daewook.62
Daewook.63,AGTGTTTCGGAC,CCGGACTACHVGGGTWTCTAAT,AZ,ASD_AZ,1,NA,0,1,Yes,NA,Male,9,NA,NA,NA,NA,A,NA,NA,NA,NA,NA,NA,1,0,0,0,0,1,2,1,66,0,0,0,0,95,0,0,0,0,303,0,74,Daewook.63
Daewook.64,CACTGGTGCATA,CCGGACTACHVGGGTWTCTAAT,AZ,ASD_AZ,1,NA,0,1,Yes,NA,Male,9,NA,NA,NA,NA,A,NA,NA,NA,NA,NA,NA,1,1,2,1,2,2,9,4,0,0,4,22,0,0,0,0,0,14,117,0,93,Daewook.64
Daewook.65,ACGATTCGAGTC,CCGGACTACHVGGGTWTCTAAT,AZ,ASD_AZ,1,NA,0,1,Yes,NA,Male,6,NA,NA,NA,NA,A,NA,NA,NA,NA,NA,NA,0,0,1,0,1,0,2,1,39,10,0,0,8,0,0,0,0,4,85,0,77,Daewook.65
Daewook.68,TTCTCTCGACAT,CCGGACTACHVGGGTWTCTAAT,AZ,ASD_AZ,1,NA,0,1,Yes,NA,Male,13,NA,NA,NA,NA,A,NA,NA,NA,NA,NA,NA,0,0,0,0,0,0,0,0,0,2,0,17,7,5,4,0,3,7,0,0,10,Daewook.68
Daewook.7,TCGGAATTAGAC,CCGGACTACHVGGGTWTCTAAT,AZ,unrelatedControl_AZ,1,NA,0,0,No,NA,Male,8,NA,NA,NA,NA,A,NA,NA,NA,NA,NA,NA,0,0,0,0,0,0,0,0,0,44,0,9,0,0,0,58,0,31,41,0,22,Daewook.7
Daewook.72,AACGTAGGCTCT,CCGGACTACHVGGGTWTCTAAT,AZ,ASD_AZ,1,NA,0,1,Yes,NA,Female,16,NA,NA,NA,NA,A,NA,NA,NA,NA,NA,NA,1,0,1,1,1,2,6,2,0,0,0,45,4,0,0,0,1,0,123,0,104,Daewook.72
Daewook.73,GGTTCGGTCCAT,CCGGACTACHVGGGTWTCTAAT,AZ,ASD_AZ,1,NA,0,1,Yes,NA,Male,17,NA,NA,NA,NA,A,NA,NA,NA,NA,NA,NA,0,0,2,0,0,2,4,2,0,0,0,54,0,0,3,0,0,35,140,0,126,Daewook.73
Daewook.74,GTCACGGACATT,CCGGACTACHVGGGTWTCTAAT,AZ,ASD_AZ,1,NA,0,1,Yes,NA,Male,6,NA,NA,NA,NA,A,NA,NA,NA,NA,NA,NA,2,1,0,2,2,0,7,3,0,8,0,39,9,12,0,154,4,10,82,85,46,Daewook.74
Daewook.76,GCTCTCCGTAGA,CCGGACTACHVGGGTWTCTAAT,AZ,ASD_AZ,1,NA,0,1,Yes,NA,Male,11,NA,NA,NA,NA,A,NA,NA,NA,NA,NA,NA,0,0,0,1,1,0,2,0,0,8,73,0,0,0,0,0,0,0,254,0,41,Daewook.76
Daewook.77,GTAGAGGTAGAG,CCGGACTACHVGGGTWTCTAAT,AZ,ASD_AZ,1,NA,0,1,Yes,NA,Male,9,NA,NA,NA,NA,A,NA,NA,NA,NA,NA,NA,2,0,2,0,0,2,6,4,1,0,0,72,1,12,0,3,13,3,0,0,287,Daewook.77
Daewook.78,ACGCGAACTAAT,CCGGACTACHVGGGTWTCTAAT,AZ,ASD_AZ,1,NA,0,1,Yes,NA,Male,13,NA,NA,NA,NA,A,NA,NA,NA,NA,NA,NA,0,0,2,1,2,1,6,2,72,5,1,86,0,0,0,0,2,0,0,0,62,Daewook.78
Daewook.79,TGGCAAATCTAG,CCGGACTACHVGGGTWTCTAAT,AZ,ASD_AZ,1,NA,0,1,Yes,NA,Male,14,NA,NA,NA,NA,A,NA,NA,NA,NA,NA,NA,2,0,2,0,2,0,6,4,3,0,1,117,10,12,0,8,1,78,46,1,443,Daewook.79
Daewook.8,TATACCGCTGCG,CCGGACTACHVGGGTWTCTAAT,AZ,unrelatedControl_AZ,1,NA,0,0,No,NA,Male,13,NA,NA,NA,NA,A,NA,NA,NA,NA,NA,NA,0,0,0,0,0,0,0,0,1,0,0,85,0,0,1,3,7,8,2,1,193,Daewook.8
Daewook.80,AGTTGTAGTCCG,CCGGACTACHVGGGTWTCTAAT,AZ,ASD_AZ,1,NA,0,1,Yes,NA,Male,15,NA,NA,NA,NA,A,NA,NA,NA,NA,NA,NA,2,0,2,0,2,1,7,4,0,0,0,176,10,28,0,0,0,7,145,0,158,Daewook.80
Daewook.81,CTGATCCATCTT,CCGGACTACHVGGGTWTCTAAT,AZ,ASD_AZ,1,NA,0,1,Yes,NA,Male,6,NA,NA,NA,NA,A,NA,NA,NA,NA,NA,NA,0,0,0,1,0,0,1,0,2,70,0,0,0,0,0,0,0,0,0,216,278,Daewook.81
Daewook.82,GCGAGCGAAGTA,CCGGACTACHVGGGTWTCTAAT,AZ,ASD_AZ,1,NA,0,1,Yes,NA,Male,5,NA,NA,NA,NA,A,NA,NA,NA,NA,NA,NA,1,0,1,0,2,2,6,2,0,7,17,0,0,0,0,0,0,0,0,0,295,Daewook.82
Daewook.83,TACCGAAGGTAT,CCGGACTACHVGGGTWTCTAAT,AZ,ASD_AZ,1,NA,0,1,Yes,NA,Male,12,NA,NA,NA,NA,A,NA,NA,NA,NA,NA,NA,1,1,1,1,1,2,7,3,14,4,5,23,0,0,0,0,0,0,0,0,291,Daewook.83
Daewook.9,TATCGACACAAG,CCGGACTACHVGGGTWTCTAAT,AZ,unrelatedControl_AZ,1,NA,0,0,No,NA,Male,6,NA,NA,NA,NA,A,NA,NA,NA,NA,NA,NA,0,0,0,0,0,0,0,0,0,6,0,31,4,0,12,55,13,43,4,0,401,Daewook.9
stool.ASD.1.1,CGGTCAATTGAC,CCGGACTACHVGGGTWTCTAAT,CO,ASD_CO,1,1,0,1,Yes,NA,Male,2,less_than 1/month,less_than 1/month,less_than 1/month,1-2/month,A,0,0,0,1,1,1,0,0,0,NA,NA,NA,NA,0,0,0,1,17,2,0,4,0,0,0,0,0,84,stool.ASD.1.1
stool.ASD.12.1,TGTCGCAAATAG,CCGGACTACHVGGGTWTCTAAT,CO,ASD_CO,1,1,0,1,Yes,NA,Male,8,unsure,unsure,unsure,unsure,A,0,0,0,0,0,0,0,0,0,NA,NA,NA,NA,0,33,3,0,20,6,0,0,67,1,22,204,0,36,stool.ASD.12.1
stool.ASD.14.2,TGCATACACTGG,CCGGACTACHVGGGTWTCTAAT,CO,ASD_CO,1,2,4,1,Yes,NA,Male,9,less_than 1/month,less_than 1/month,3-4/month,less_than 1/month,A,0,0,3,0,3,3,0,1,0,NA,NA,NA,NA,1,0,0,0,9,0,0,14,0,0,7,114,22,100,stool.ASD.14.2
stool.ASD.19.1,GCTCGAAGATTC,CCGGACTACHVGGGTWTCTAAT,CO,ASD_CO,1,1,0,1,Yes,NA,Male,8,missing,missing,missing,missing,B,missing,missing,missing,missing,missing,1,missing,missing,missing,NA,NA,NA,NA,1,0,0,0,9,0,45,0,0,0,4,82,0,16,stool.ASD.19.1
stool.ASD.22.2,GCGATATATCGC,CCGGACTACHVGGGTWTCTAAT,CO,ASD_CO,1,2,3.67,1,Yes,NA,Male,4,No,No,No,No,A,0,0,0,0,0,0,0,0,0,NA,NA,NA,NA,0,1,12,0,31,11,0,0,363,0,2,60,268,30,stool.ASD.22.2
stool.ASD.24.1,AACTAGTTCAGG,CCGGACTACHVGGGTWTCTAAT,CO,ASD_CO,1,1,0,1,Yes,NA,Male,5,No,No,No,No,A,0,0,0,0,0,0,0,0,0,NA,NA,NA,NA,0,15,92,0,70,15,9,4,0,0,3,69,27,208,stool.ASD.24.1
stool.ASD.25.2,ACCAGTGACTCA,CCGGACTACHVGGGTWTCTAAT,CO,ASD_CO,1,2,7,1,Yes,NA,Female,10,less_than 1/month,less_than 1/month,less_than 1/month,1-2/week,A,0,0,0,5,5,5,0,0,1,NA,NA,NA,NA,1,11,12,1,80,12,0,5,0,0,29,0,0,54,stool.ASD.25.2
stool.ASD.27.4,AGATTGACCAAC,CCGGACTACHVGGGTWTCTAAT,CO,ASD_CO,2,4,missing,1,Yes,NA,Male,6,1-2/month,3-4/month,3-4/month,3-4/month,A,1,3,3,3,10,10,0,1,1,NA,NA,NA,NA,2,22,14,0,31,14,27,13,0,6,4,64,0,39,stool.ASD.27.4
stool.ASD.3.1A,GGTGACTAGTTC,CCGGACTACHVGGGTWTCTAAT,CO,ASD_CO,1,1,0,1,Yes,NA,Male,5,No,No,No,No,A,0,0,0,0,0,0,0,0,0,NA,NA,NA,NA,0,0,8,3,0,3,0,2,0,0,1,146,163,39,stool.ASD.3.1A
stool.ASD.4.1,TGCAGTCCTCGA,CCGGACTACHVGGGTWTCTAAT,CO,ASD_CO,1,1,0,1,Yes,NA,Female,8,No,No,No,No,A,0,0,0,0,0,0,0,0,0,NA,NA,NA,NA,0,0,0,0,42,3,33,5,0,0,1,324,5,56,stool.ASD.4.1
stool.ASD.6.2,CGTAAGATGCCT,CCGGACTACHVGGGTWTCTAAT,CO,ASD_CO,1,2,10.7,1,Yes,NA,Male,7,missing,missing,3-4/month,less_than 1/month,A,missing,missing,3,0,3,3,missing,1,0,NA,NA,NA,NA,1,0,17,0,12,2,0,23,380,1,9,51,53,6,stool.ASD.6.2
stool.ASD.7.2,GTGGAGTCTCAT,CCGGACTACHVGGGTWTCTAAT,CO,ASD_CO,1,2,2.97,1,Yes,NA,Male,11,1-2/month,3-4/month,1-2/month,1-2/week,A,1,3,1,5,10,10,0,0,1,NA,NA,NA,NA,1,36,0,0,3,1,0,2,0,1,5,59,0,28,stool.ASD.7.2
stool.ASD.8.1,ATGGGTTCCGTC,CCGGACTACHVGGGTWTCTAAT,CO,ASD_CO,1,1,0,1,Yes,NA,Male,6,1-2/month,1-2/month,1-2/month,greater_than 3/week,A,1,1,1,10,13,13,0,0,2,NA,NA,NA,NA,2,10,9,0,0,0,0,0,434,2,0,203,0,32,stool.ASD.8.1
stool.control.13S.1B,GTGGTGGTTTCC,CCGGACTACHVGGGTWTCTAAT,CO,siblingControl_CO,1,1,0,0,No,Yes,Male,5,No,No,No,No,A,0,0,0,0,0,0,0,0,0,NA,NA,NA,NA,0,16,0,1,31,5,0,32,0,3,9,135,9,95,stool.control.13S.1B
stool.control.15S.2,GAGCCATCTGTA,CCGGACTACHVGGGTWTCTAAT,CO,siblingControl_CO,1,2,2.83,0,No,Yes,Female,6,less_than 1/month,less_than 1/month,less_than 1/month,1-2/week,A,0,0,0,5,5,5,0,0,1,NA,NA,NA,NA,1,22,0,0,107,0,0,0,1,0,16,0,7,30,stool.control.15S.2
stool.control.18S.1,AGGCTTACGTGT,CCGGACTACHVGGGTWTCTAAT,CO,siblingControl_CO,1,1,0,0,No,Yes,Male,3,missing,missing,missing,missing,B,missing,missing,missing,missing,missing,1,missing,missing,missing,NA,NA,NA,NA,0,57,18,0,115,3,71,22,0,3,15,56,8,261,stool.control.18S.1
stool.control.26S.1,TAGGCATGCTTG,CCGGACTACHVGGGTWTCTAAT,CO,siblingControl_CO,1,1,0,0,No,Yes,Male,6,No,No,No,No,A,0,0,0,0,0,0,0,0,0,NA,NA,NA,NA,0,59,16,0,5,12,0,7,0,3,30,94,0,15,stool.control.26S.1
stool.control.28S.2,GTAGATCGTGTA,CCGGACTACHVGGGTWTCTAAT,CO,siblingControl_CO,1,2,0,0,No,Yes,Female,3,less_than 1/month,less_than 1/month,1-2/month,less_than 1/month,A,0,0,1,0,1,1,0,0,0,NA,NA,NA,NA,0,156,57,0,121,0,3,0,0,0,14,8,0,536,stool.control.28S.2
stool.control.29C.1,CGAGGGAAAGTC,CCGGACTACHVGGGTWTCTAAT,CO,unrelatedControl_CO,1,1,0,0,No,No,Male,4,No,No,No,No,A,0,0,0,0,0,0,0,0,0,NA,NA,NA,NA,0,182,7,0,69,0,0,0,0,0,13,50,0,179,stool.control.29C.1
stool.control.30C.4,ATGATGAGCCTC,CCGGACTACHVGGGTWTCTAAT,CO,unrelatedControl_CO,2,4,missing,0,No,No,Female,6,1-2/month,less_than 1/month,1-2/month,less_than 1/month,A,1,0,1,0,2,2,0,0,0,NA,NA,NA,NA,0,66,15,0,14,11,13,8,521,5,22,60,0,149,stool.control.30C.4
stool.control.31C.2,GAACACTTTGGA,CCGGACTACHVGGGTWTCTAAT,CO,unrelatedControl_CO,1,2,5.9,0,No,No,Male,5,blank,blank,blank,blank,A,0,0,0,0,0,0,0,0,0,NA,NA,NA,NA,0,24,7,0,40,8,0,68,0,0,10,34,73,33,stool.control.31C.2
stool.control.32C.2.run2,GTCGACAGAGGA,CCGGACTACHVGGGTWTCTAAT,CO,unrelatedControl_CO,2,2,5.47,0,No,No,Female,6,1-2/month,less_than 1/month,less_than 1/month,less_than 1/month,A,1,0,0,0,1,1,0,0,0,NA,NA,NA,NA,0,0,47,0,61,8,0,0,0,0,18,88,0,29,stool.control.32C.2.run2
stool.control.34C.1,GTCGACAGAGGA,CCGGACTACHVGGGTWTCTAAT,CO,unrelatedControl_CO,1,1,0,0,No,No,Female,5,No,No,No,No,A,0,0,0,0,0,0,0,0,0,NA,NA,NA,NA,0,45,3,0,0,4,0,7,0,3,5,103,0,29,stool.control.34C.1
stool.control.35C.1A,CTCACCTAGGAA,CCGGACTACHVGGGTWTCTAAT,CO,unrelatedControl_CO,1,1,0,0,No,No,Female,8,No,No,No,No,A,0,0,0,0,0,0,0,0,0,NA,NA,NA,NA,0,19,25,0,81,17,0,8,0,2,21,57,0,99,stool.control.35C.1A
stool.control.36C.1,AGTCGTGCACAT,CCGGACTACHVGGGTWTCTAAT,CO,unrelatedControl_CO,1,1,0,0,No,No,Male,9,No,No,No,No,A,0,0,0,0,0,0,0,0,0,NA,NA,NA,NA,0,18,35,0,4,24,0,43,119,3,3,3,0,92,stool.control.36C.1
stool.control.37C.1,ACCATAGCTCCG,CCGGACTACHVGGGTWTCTAAT,CO,unrelatedControl_CO,1,1,0,0,No,No,Female,8,No,No,No,No,A,0,0,0,0,0,0,0,0,0,NA,NA,NA,NA,0,0,2,0,56,19,0,5,5,6,0,0,0,138,stool.control.37C.1
stool.control.38C.2A,AGCATGTCCCGT,CCGGACTACHVGGGTWTCTAAT,CO,unrelatedControl_CO,1,2,3.17,0,No,No,Male,5,No,No,No,No,A,0,0,0,0,0,0,0,0,0,NA,NA,NA,NA,0,160,27,0,30,31,0,0,98,0,31,231,1,182,stool.control.38C.2A
stool.control.39C.3,GTCGTGTAGCCT,CCGGACTACHVGGGTWTCTAAT,CO,unrelatedControl_CO,2,3,missing,0,No,No,Male,6,No,No,No,No,A,0,0,0,0,0,0,0,0,0,NA,NA,NA,NA,0,64,54,0,21,10,0,29,706,1,11,48,0,57,stool.control.39C.3
stool.control.40C.4,GAGCCATCTGTA,CCGGACTACHVGGGTWTCTAAT,CO,unrelatedControl_CO,2,4,missing,0,No,No,Female,8,less_than 1/month,less_than 1/month,1-2/month,less_than 1/month,A,0,0,1,0,1,1,0,0,0,NA,NA,NA,NA,0,70,49,0,31,7,0,5,849,1,13,125,0,72,stool.control.40C.4